in:Column Density Option,in:Column Thickness [cm],in:Beam Depth [cm],in:Floorplate Thickness [cm],in:Core Eccentricity [mm],in:Core Orientation,out:Weight [ton],out:Max Displacement [cm],img
0,40,20,20,2000,Center,13867,64,https://raw.githubusercontent.com/ShaunWuRamboll/261002_DESIGN-EXPLORER-TOKIO-MARINE/main/ColumnDensityOption0_ColumnThickness%5Bcm%5D40_BeamDepth%5Bcm%5D20_FloorplateThickness%5Bcm%5D20_CoreEccentricity%5Bmm%5D2000_CoreOrientationCenter_Perspective.png
1,40,20,20,2000,Center,13575,57,https://raw.githubusercontent.com/ShaunWuRamboll/261002_DESIGN-EXPLORER-TOKIO-MARINE/main/ColumnDensityOption1_ColumnThickness%5Bcm%5D40_BeamDepth%5Bcm%5D20_FloorplateThickness%5Bcm%5D20_CoreEccentricity%5Bmm%5D2000_CoreOrientationCenter_Perspective.png
2,40,20,20,2000,Center,13027,53,https://raw.githubusercontent.com/ShaunWuRamboll/261002_DESIGN-EXPLORER-TOKIO-MARINE/main/ColumnDensityOption2_ColumnThickness%5Bcm%5D40_BeamDepth%5Bcm%5D20_FloorplateThickness%5Bcm%5D20_CoreEccentricity%5Bmm%5D2000_CoreOrientationCenter_Perspective.png
3,40,20,20,2000,Center,12775,54,https://raw.githubusercontent.com/ShaunWuRamboll/261002_DESIGN-EXPLORER-TOKIO-MARINE/main/ColumnDensityOption3_ColumnThickness%5Bcm%5D40_BeamDepth%5Bcm%5D20_FloorplateThickness%5Bcm%5D20_CoreEccentricity%5Bmm%5D2000_CoreOrientationCenter_Perspective.png
0,60,20,20,2000,Center,15645,38,https://raw.githubusercontent.com/ShaunWuRamboll/261002_DESIGN-EXPLORER-TOKIO-MARINE/main/ColumnDensityOption0_ColumnThickness%5Bcm%5D60_BeamDepth%5Bcm%5D20_FloorplateThickness%5Bcm%5D20_CoreEccentricity%5Bmm%5D2000_CoreOrientationCenter_Perspective.png
1,60,20,20,2000,Center,15161,40,https://raw.githubusercontent.com/ShaunWuRamboll/261002_DESIGN-EXPLORER-TOKIO-MARINE/main/ColumnDensityOption1_ColumnThickness%5Bcm%5D60_BeamDepth%5Bcm%5D20_FloorplateThickness%5Bcm%5D20_CoreEccentricity%5Bmm%5D2000_CoreOrientationCenter_Perspective.png
2,60,20,20,2000,Center,14420,39,https://raw.githubusercontent.com/ShaunWuRamboll/261002_DESIGN-EXPLORER-TOKIO-MARINE/main/ColumnDensityOption2_ColumnThickness%5Bcm%5D60_BeamDepth%5Bcm%5D20_FloorplateThickness%5Bcm%5D20_CoreEccentricity%5Bmm%5D2000_CoreOrientationCenter_Perspective.png
3,60,20,20,2000,Center,13975,42,https://raw.githubusercontent.com/ShaunWuRamboll/261002_DESIGN-EXPLORER-TOKIO-MARINE/main/ColumnDensityOption3_ColumnThickness%5Bcm%5D60_BeamDepth%5Bcm%5D20_FloorplateThickness%5Bcm%5D20_CoreEccentricity%5Bmm%5D2000_CoreOrientationCenter_Perspective.png
0,80,20,20,2000,Center,18135,34,https://raw.githubusercontent.com/ShaunWuRamboll/261002_DESIGN-EXPLORER-TOKIO-MARINE/main/ColumnDensityOption0_ColumnThickness%5Bcm%5D80_BeamDepth%5Bcm%5D20_FloorplateThickness%5Bcm%5D20_CoreEccentricity%5Bmm%5D2000_CoreOrientationCenter_Perspective.png
1,80,20,20,2000,Center,17381,38,https://raw.githubusercontent.com/ShaunWuRamboll/261002_DESIGN-EXPLORER-TOKIO-MARINE/main/ColumnDensityOption1_ColumnThickness%5Bcm%5D80_BeamDepth%5Bcm%5D20_FloorplateThickness%5Bcm%5D20_CoreEccentricity%5Bmm%5D2000_CoreOrientationCenter_Perspective.png
2,80,20,20,2000,Center,16370,37,https://raw.githubusercontent.com/ShaunWuRamboll/261002_DESIGN-EXPLORER-TOKIO-MARINE/main/ColumnDensityOption2_ColumnThickness%5Bcm%5D80_BeamDepth%5Bcm%5D20_FloorplateThickness%5Bcm%5D20_CoreEccentricity%5Bmm%5D2000_CoreOrientationCenter_Perspective.png
3,80,20,20,2000,Center,15655,42,https://raw.githubusercontent.com/ShaunWuRamboll/261002_DESIGN-EXPLORER-TOKIO-MARINE/main/ColumnDensityOption3_ColumnThickness%5Bcm%5D80_BeamDepth%5Bcm%5D20_FloorplateThickness%5Bcm%5D20_CoreEccentricity%5Bmm%5D2000_CoreOrientationCenter_Perspective.png
0,40,40,20,2000,Center,14273,62,https://raw.githubusercontent.com/ShaunWuRamboll/261002_DESIGN-EXPLORER-TOKIO-MARINE/main/ColumnDensityOption0_ColumnThickness%5Bcm%5D40_BeamDepth%5Bcm%5D40_FloorplateThickness%5Bcm%5D20_CoreEccentricity%5Bmm%5D2000_CoreOrientationCenter_Perspective.png
1,40,40,20,2000,Center,13941,50,https://raw.githubusercontent.com/ShaunWuRamboll/261002_DESIGN-EXPLORER-TOKIO-MARINE/main/ColumnDensityOption1_ColumnThickness%5Bcm%5D40_BeamDepth%5Bcm%5D40_FloorplateThickness%5Bcm%5D20_CoreEccentricity%5Bmm%5D2000_CoreOrientationCenter_Perspective.png
2,40,40,20,2000,Center,13353,44,https://raw.githubusercontent.com/ShaunWuRamboll/261002_DESIGN-EXPLORER-TOKIO-MARINE/main/ColumnDensityOption2_ColumnThickness%5Bcm%5D40_BeamDepth%5Bcm%5D40_FloorplateThickness%5Bcm%5D20_CoreEccentricity%5Bmm%5D2000_CoreOrientationCenter_Perspective.png
3,40,40,20,2000,Center,13060,43,https://raw.githubusercontent.com/ShaunWuRamboll/261002_DESIGN-EXPLORER-TOKIO-MARINE/main/ColumnDensityOption3_ColumnThickness%5Bcm%5D40_BeamDepth%5Bcm%5D40_FloorplateThickness%5Bcm%5D20_CoreEccentricity%5Bmm%5D2000_CoreOrientationCenter_Perspective.png
0,60,40,20,2000,Center,16051,28,https://raw.githubusercontent.com/ShaunWuRamboll/261002_DESIGN-EXPLORER-TOKIO-MARINE/main/ColumnDensityOption0_ColumnThickness%5Bcm%5D60_BeamDepth%5Bcm%5D40_FloorplateThickness%5Bcm%5D20_CoreEccentricity%5Bmm%5D2000_CoreOrientationCenter_Perspective.png
1,60,40,20,2000,Center,15527,28,https://raw.githubusercontent.com/ShaunWuRamboll/261002_DESIGN-EXPLORER-TOKIO-MARINE/main/ColumnDensityOption1_ColumnThickness%5Bcm%5D60_BeamDepth%5Bcm%5D40_FloorplateThickness%5Bcm%5D20_CoreEccentricity%5Bmm%5D2000_CoreOrientationCenter_Perspective.png
2,60,40,20,2000,Center,14745,27,https://raw.githubusercontent.com/ShaunWuRamboll/261002_DESIGN-EXPLORER-TOKIO-MARINE/main/ColumnDensityOption2_ColumnThickness%5Bcm%5D60_BeamDepth%5Bcm%5D40_FloorplateThickness%5Bcm%5D20_CoreEccentricity%5Bmm%5D2000_CoreOrientationCenter_Perspective.png
3,60,40,20,2000,Center,14261,30,https://raw.githubusercontent.com/ShaunWuRamboll/261002_DESIGN-EXPLORER-TOKIO-MARINE/main/ColumnDensityOption3_ColumnThickness%5Bcm%5D60_BeamDepth%5Bcm%5D40_FloorplateThickness%5Bcm%5D20_CoreEccentricity%5Bmm%5D2000_CoreOrientationCenter_Perspective.png
0,80,40,20,2000,Center,18541,23,https://raw.githubusercontent.com/ShaunWuRamboll/261002_DESIGN-EXPLORER-TOKIO-MARINE/main/ColumnDensityOption0_ColumnThickness%5Bcm%5D80_BeamDepth%5Bcm%5D40_FloorplateThickness%5Bcm%5D20_CoreEccentricity%5Bmm%5D2000_CoreOrientationCenter_Perspective.png
1,80,40,20,2000,Center,17748,25,https://raw.githubusercontent.com/ShaunWuRamboll/261002_DESIGN-EXPLORER-TOKIO-MARINE/main/ColumnDensityOption1_ColumnThickness%5Bcm%5D80_BeamDepth%5Bcm%5D40_FloorplateThickness%5Bcm%5D20_CoreEccentricity%5Bmm%5D2000_CoreOrientationCenter_Perspective.png
2,80,40,20,2000,Center,16695,25,https://raw.githubusercontent.com/ShaunWuRamboll/261002_DESIGN-EXPLORER-TOKIO-MARINE/main/ColumnDensityOption2_ColumnThickness%5Bcm%5D80_BeamDepth%5Bcm%5D40_FloorplateThickness%5Bcm%5D20_CoreEccentricity%5Bmm%5D2000_CoreOrientationCenter_Perspective.png
3,80,40,20,2000,Center,15941,28,https://raw.githubusercontent.com/ShaunWuRamboll/261002_DESIGN-EXPLORER-TOKIO-MARINE/main/ColumnDensityOption3_ColumnThickness%5Bcm%5D80_BeamDepth%5Bcm%5D40_FloorplateThickness%5Bcm%5D20_CoreEccentricity%5Bmm%5D2000_CoreOrientationCenter_Perspective.png
0,40,60,20,2000,Center,14679,61,https://raw.githubusercontent.com/ShaunWuRamboll/261002_DESIGN-EXPLORER-TOKIO-MARINE/main/ColumnDensityOption0_ColumnThickness%5Bcm%5D40_BeamDepth%5Bcm%5D60_FloorplateThickness%5Bcm%5D20_CoreEccentricity%5Bmm%5D2000_CoreOrientationCenter_Perspective.png
1,40,60,20,2000,Center,14308,52,https://raw.githubusercontent.com/ShaunWuRamboll/261002_DESIGN-EXPLORER-TOKIO-MARINE/main/ColumnDensityOption1_ColumnThickness%5Bcm%5D40_BeamDepth%5Bcm%5D60_FloorplateThickness%5Bcm%5D20_CoreEccentricity%5Bmm%5D2000_CoreOrientationCenter_Perspective.png
2,40,60,20,2000,Center,13678,40,https://raw.githubusercontent.com/ShaunWuRamboll/261002_DESIGN-EXPLORER-TOKIO-MARINE/main/ColumnDensityOption2_ColumnThickness%5Bcm%5D40_BeamDepth%5Bcm%5D60_FloorplateThickness%5Bcm%5D20_CoreEccentricity%5Bmm%5D2000_CoreOrientationCenter_Perspective.png
3,40,60,20,2000,Center,13346,36,https://raw.githubusercontent.com/ShaunWuRamboll/261002_DESIGN-EXPLORER-TOKIO-MARINE/main/ColumnDensityOption3_ColumnThickness%5Bcm%5D40_BeamDepth%5Bcm%5D60_FloorplateThickness%5Bcm%5D20_CoreEccentricity%5Bmm%5D2000_CoreOrientationCenter_Perspective.png
0,60,60,20,2000,Center,16457,23,https://raw.githubusercontent.com/ShaunWuRamboll/261002_DESIGN-EXPLORER-TOKIO-MARINE/main/ColumnDensityOption0_ColumnThickness%5Bcm%5D60_BeamDepth%5Bcm%5D60_FloorplateThickness%5Bcm%5D20_CoreEccentricity%5Bmm%5D2000_CoreOrientationCenter_Perspective.png
1,60,60,20,2000,Center,15894,21,https://raw.githubusercontent.com/ShaunWuRamboll/261002_DESIGN-EXPLORER-TOKIO-MARINE/main/ColumnDensityOption1_ColumnThickness%5Bcm%5D60_BeamDepth%5Bcm%5D60_FloorplateThickness%5Bcm%5D20_CoreEccentricity%5Bmm%5D2000_CoreOrientationCenter_Perspective.png
2,60,60,20,2000,Center,15071,19,https://raw.githubusercontent.com/ShaunWuRamboll/261002_DESIGN-EXPLORER-TOKIO-MARINE/main/ColumnDensityOption2_ColumnThickness%5Bcm%5D60_BeamDepth%5Bcm%5D60_FloorplateThickness%5Bcm%5D20_CoreEccentricity%5Bmm%5D2000_CoreOrientationCenter_Perspective.png
3,60,60,20,2000,Center,14546,21,https://raw.githubusercontent.com/ShaunWuRamboll/261002_DESIGN-EXPLORER-TOKIO-MARINE/main/ColumnDensityOption3_ColumnThickness%5Bcm%5D60_BeamDepth%5Bcm%5D60_FloorplateThickness%5Bcm%5D20_CoreEccentricity%5Bmm%5D2000_CoreOrientationCenter_Perspective.png
0,80,60,20,2000,Center,18947,16,https://raw.githubusercontent.com/ShaunWuRamboll/261002_DESIGN-EXPLORER-TOKIO-MARINE/main/ColumnDensityOption0_ColumnThickness%5Bcm%5D80_BeamDepth%5Bcm%5D60_FloorplateThickness%5Bcm%5D20_CoreEccentricity%5Bmm%5D2000_CoreOrientationCenter_Perspective.png
1,80,60,20,2000,Center,18114,17,https://raw.githubusercontent.com/ShaunWuRamboll/261002_DESIGN-EXPLORER-TOKIO-MARINE/main/ColumnDensityOption1_ColumnThickness%5Bcm%5D80_BeamDepth%5Bcm%5D60_FloorplateThickness%5Bcm%5D20_CoreEccentricity%5Bmm%5D2000_CoreOrientationCenter_Perspective.png
2,80,60,20,2000,Center,17021,16,https://raw.githubusercontent.com/ShaunWuRamboll/261002_DESIGN-EXPLORER-TOKIO-MARINE/main/ColumnDensityOption2_ColumnThickness%5Bcm%5D80_BeamDepth%5Bcm%5D60_FloorplateThickness%5Bcm%5D20_CoreEccentricity%5Bmm%5D2000_CoreOrientationCenter_Perspective.png
3,80,60,20,2000,Center,16227,19,https://raw.githubusercontent.com/ShaunWuRamboll/261002_DESIGN-EXPLORER-TOKIO-MARINE/main/ColumnDensityOption3_ColumnThickness%5Bcm%5D80_BeamDepth%5Bcm%5D60_FloorplateThickness%5Bcm%5D20_CoreEccentricity%5Bmm%5D2000_CoreOrientationCenter_Perspective.png
0,40,80,20,2000,Center,15085,61,https://raw.githubusercontent.com/ShaunWuRamboll/261002_DESIGN-EXPLORER-TOKIO-MARINE/main/ColumnDensityOption0_ColumnThickness%5Bcm%5D40_BeamDepth%5Bcm%5D80_FloorplateThickness%5Bcm%5D20_CoreEccentricity%5Bmm%5D2000_CoreOrientationCenter_Perspective.png
1,40,80,20,2000,Center,14674,52,https://raw.githubusercontent.com/ShaunWuRamboll/261002_DESIGN-EXPLORER-TOKIO-MARINE/main/ColumnDensityOption1_ColumnThickness%5Bcm%5D40_BeamDepth%5Bcm%5D80_FloorplateThickness%5Bcm%5D20_CoreEccentricity%5Bmm%5D2000_CoreOrientationCenter_Perspective.png
2,40,80,20,2000,Center,14003,40,https://raw.githubusercontent.com/ShaunWuRamboll/261002_DESIGN-EXPLORER-TOKIO-MARINE/main/ColumnDensityOption2_ColumnThickness%5Bcm%5D40_BeamDepth%5Bcm%5D80_FloorplateThickness%5Bcm%5D20_CoreEccentricity%5Bmm%5D2000_CoreOrientationCenter_Perspective.png
3,40,80,20,2000,Center,13632,33,https://raw.githubusercontent.com/ShaunWuRamboll/261002_DESIGN-EXPLORER-TOKIO-MARINE/main/ColumnDensityOption3_ColumnThickness%5Bcm%5D40_BeamDepth%5Bcm%5D80_FloorplateThickness%5Bcm%5D20_CoreEccentricity%5Bmm%5D2000_CoreOrientationCenter_Perspective.png
0,60,80,20,2000,Center,16863,20,https://raw.githubusercontent.com/ShaunWuRamboll/261002_DESIGN-EXPLORER-TOKIO-MARINE/main/ColumnDensityOption0_ColumnThickness%5Bcm%5D60_BeamDepth%5Bcm%5D80_FloorplateThickness%5Bcm%5D20_CoreEccentricity%5Bmm%5D2000_CoreOrientationCenter_Perspective.png
1,60,80,20,2000,Center,16260,18,https://raw.githubusercontent.com/ShaunWuRamboll/261002_DESIGN-EXPLORER-TOKIO-MARINE/main/ColumnDensityOption1_ColumnThickness%5Bcm%5D60_BeamDepth%5Bcm%5D80_FloorplateThickness%5Bcm%5D20_CoreEccentricity%5Bmm%5D2000_CoreOrientationCenter_Perspective.png
2,60,80,20,2000,Center,15396,15,https://raw.githubusercontent.com/ShaunWuRamboll/261002_DESIGN-EXPLORER-TOKIO-MARINE/main/ColumnDensityOption2_ColumnThickness%5Bcm%5D60_BeamDepth%5Bcm%5D80_FloorplateThickness%5Bcm%5D20_CoreEccentricity%5Bmm%5D2000_CoreOrientationCenter_Perspective.png
3,60,80,20,2000,Center,14832,16,https://raw.githubusercontent.com/ShaunWuRamboll/261002_DESIGN-EXPLORER-TOKIO-MARINE/main/ColumnDensityOption3_ColumnThickness%5Bcm%5D60_BeamDepth%5Bcm%5D80_FloorplateThickness%5Bcm%5D20_CoreEccentricity%5Bmm%5D2000_CoreOrientationCenter_Perspective.png
0,80,80,20,2000,Center,19353,12,https://raw.githubusercontent.com/ShaunWuRamboll/261002_DESIGN-EXPLORER-TOKIO-MARINE/main/ColumnDensityOption0_ColumnThickness%5Bcm%5D80_BeamDepth%5Bcm%5D80_FloorplateThickness%5Bcm%5D20_CoreEccentricity%5Bmm%5D2000_CoreOrientationCenter_Perspective.png
1,80,80,20,2000,Center,18480,12,https://raw.githubusercontent.com/ShaunWuRamboll/261002_DESIGN-EXPLORER-TOKIO-MARINE/main/ColumnDensityOption1_ColumnThickness%5Bcm%5D80_BeamDepth%5Bcm%5D80_FloorplateThickness%5Bcm%5D20_CoreEccentricity%5Bmm%5D2000_CoreOrientationCenter_Perspective.png
2,80,80,20,2000,Center,17346,11,https://raw.githubusercontent.com/ShaunWuRamboll/261002_DESIGN-EXPLORER-TOKIO-MARINE/main/ColumnDensityOption2_ColumnThickness%5Bcm%5D80_BeamDepth%5Bcm%5D80_FloorplateThickness%5Bcm%5D20_CoreEccentricity%5Bmm%5D2000_CoreOrientationCenter_Perspective.png
3,80,80,20,2000,Center,16512,13,https://raw.githubusercontent.com/ShaunWuRamboll/261002_DESIGN-EXPLORER-TOKIO-MARINE/main/ColumnDensityOption3_ColumnThickness%5Bcm%5D80_BeamDepth%5Bcm%5D80_FloorplateThickness%5Bcm%5D20_CoreEccentricity%5Bmm%5D2000_CoreOrientationCenter_Perspective.png
0,40,20,40,2000,Center,22751,88,https://raw.githubusercontent.com/ShaunWuRamboll/261002_DESIGN-EXPLORER-TOKIO-MARINE/main/ColumnDensityOption0_ColumnThickness%5Bcm%5D40_BeamDepth%5Bcm%5D20_FloorplateThickness%5Bcm%5D40_CoreEccentricity%5Bmm%5D2000_CoreOrientationCenter_Perspective.png
1,40,20,40,2000,Center,22433,77,https://raw.githubusercontent.com/ShaunWuRamboll/261002_DESIGN-EXPLORER-TOKIO-MARINE/main/ColumnDensityOption1_ColumnThickness%5Bcm%5D40_BeamDepth%5Bcm%5D20_FloorplateThickness%5Bcm%5D40_CoreEccentricity%5Bmm%5D2000_CoreOrientationCenter_Perspective.png
2,40,20,40,2000,Center,21608,63,https://raw.githubusercontent.com/ShaunWuRamboll/261002_DESIGN-EXPLORER-TOKIO-MARINE/main/ColumnDensityOption2_ColumnThickness%5Bcm%5D40_BeamDepth%5Bcm%5D20_FloorplateThickness%5Bcm%5D40_CoreEccentricity%5Bmm%5D2000_CoreOrientationCenter_Perspective.png
3,40,20,40,2000,Center,21368,58,https://raw.githubusercontent.com/ShaunWuRamboll/261002_DESIGN-EXPLORER-TOKIO-MARINE/main/ColumnDensityOption3_ColumnThickness%5Bcm%5D40_BeamDepth%5Bcm%5D20_FloorplateThickness%5Bcm%5D40_CoreEccentricity%5Bmm%5D2000_CoreOrientationCenter_Perspective.png
0,60,20,40,2000,Center,24530,29,https://raw.githubusercontent.com/ShaunWuRamboll/261002_DESIGN-EXPLORER-TOKIO-MARINE/main/ColumnDensityOption0_ColumnThickness%5Bcm%5D60_BeamDepth%5Bcm%5D20_FloorplateThickness%5Bcm%5D40_CoreEccentricity%5Bmm%5D2000_CoreOrientationCenter_Perspective.png
1,60,20,40,2000,Center,24019,25,https://raw.githubusercontent.com/ShaunWuRamboll/261002_DESIGN-EXPLORER-TOKIO-MARINE/main/ColumnDensityOption1_ColumnThickness%5Bcm%5D60_BeamDepth%5Bcm%5D20_FloorplateThickness%5Bcm%5D40_CoreEccentricity%5Bmm%5D2000_CoreOrientationCenter_Perspective.png
2,60,20,40,2000,Center,23001,21,https://raw.githubusercontent.com/ShaunWuRamboll/261002_DESIGN-EXPLORER-TOKIO-MARINE/main/ColumnDensityOption2_ColumnThickness%5Bcm%5D60_BeamDepth%5Bcm%5D20_FloorplateThickness%5Bcm%5D40_CoreEccentricity%5Bmm%5D2000_CoreOrientationCenter_Perspective.png
3,60,20,40,2000,Center,22569,19,https://raw.githubusercontent.com/ShaunWuRamboll/261002_DESIGN-EXPLORER-TOKIO-MARINE/main/ColumnDensityOption3_ColumnThickness%5Bcm%5D60_BeamDepth%5Bcm%5D20_FloorplateThickness%5Bcm%5D40_CoreEccentricity%5Bmm%5D2000_CoreOrientationCenter_Perspective.png
0,80,20,40,2000,Center,27020,15,https://raw.githubusercontent.com/ShaunWuRamboll/261002_DESIGN-EXPLORER-TOKIO-MARINE/main/ColumnDensityOption0_ColumnThickness%5Bcm%5D80_BeamDepth%5Bcm%5D20_FloorplateThickness%5Bcm%5D40_CoreEccentricity%5Bmm%5D2000_CoreOrientationCenter_Perspective.png
1,80,20,40,2000,Center,26239,14,https://raw.githubusercontent.com/ShaunWuRamboll/261002_DESIGN-EXPLORER-TOKIO-MARINE/main/ColumnDensityOption1_ColumnThickness%5Bcm%5D80_BeamDepth%5Bcm%5D20_FloorplateThickness%5Bcm%5D40_CoreEccentricity%5Bmm%5D2000_CoreOrientationCenter_Perspective.png
2,80,20,40,2000,Center,24951,13,https://raw.githubusercontent.com/ShaunWuRamboll/261002_DESIGN-EXPLORER-TOKIO-MARINE/main/ColumnDensityOption2_ColumnThickness%5Bcm%5D80_BeamDepth%5Bcm%5D20_FloorplateThickness%5Bcm%5D40_CoreEccentricity%5Bmm%5D2000_CoreOrientationCenter_Perspective.png
3,80,20,40,2000,Center,24249,13,https://raw.githubusercontent.com/ShaunWuRamboll/261002_DESIGN-EXPLORER-TOKIO-MARINE/main/ColumnDensityOption3_ColumnThickness%5Bcm%5D80_BeamDepth%5Bcm%5D20_FloorplateThickness%5Bcm%5D40_CoreEccentricity%5Bmm%5D2000_CoreOrientationCenter_Perspective.png
0,40,40,40,2000,Center,23157,89,https://raw.githubusercontent.com/ShaunWuRamboll/261002_DESIGN-EXPLORER-TOKIO-MARINE/main/ColumnDensityOption0_ColumnThickness%5Bcm%5D40_BeamDepth%5Bcm%5D40_FloorplateThickness%5Bcm%5D40_CoreEccentricity%5Bmm%5D2000_CoreOrientationCenter_Perspective.png
1,40,40,40,2000,Center,22800,78,https://raw.githubusercontent.com/ShaunWuRamboll/261002_DESIGN-EXPLORER-TOKIO-MARINE/main/ColumnDensityOption1_ColumnThickness%5Bcm%5D40_BeamDepth%5Bcm%5D40_FloorplateThickness%5Bcm%5D40_CoreEccentricity%5Bmm%5D2000_CoreOrientationCenter_Perspective.png
2,40,40,40,2000,Center,21933,64,https://raw.githubusercontent.com/ShaunWuRamboll/261002_DESIGN-EXPLORER-TOKIO-MARINE/main/ColumnDensityOption2_ColumnThickness%5Bcm%5D40_BeamDepth%5Bcm%5D40_FloorplateThickness%5Bcm%5D40_CoreEccentricity%5Bmm%5D2000_CoreOrientationCenter_Perspective.png
3,40,40,40,2000,Center,21654,58,https://raw.githubusercontent.com/ShaunWuRamboll/261002_DESIGN-EXPLORER-TOKIO-MARINE/main/ColumnDensityOption3_ColumnThickness%5Bcm%5D40_BeamDepth%5Bcm%5D40_FloorplateThickness%5Bcm%5D40_CoreEccentricity%5Bmm%5D2000_CoreOrientationCenter_Perspective.png
0,60,40,40,2000,Center,24936,29,https://raw.githubusercontent.com/ShaunWuRamboll/261002_DESIGN-EXPLORER-TOKIO-MARINE/main/ColumnDensityOption0_ColumnThickness%5Bcm%5D60_BeamDepth%5Bcm%5D40_FloorplateThickness%5Bcm%5D40_CoreEccentricity%5Bmm%5D2000_CoreOrientationCenter_Perspective.png
1,60,40,40,2000,Center,24385,25,https://raw.githubusercontent.com/ShaunWuRamboll/261002_DESIGN-EXPLORER-TOKIO-MARINE/main/ColumnDensityOption1_ColumnThickness%5Bcm%5D60_BeamDepth%5Bcm%5D40_FloorplateThickness%5Bcm%5D40_CoreEccentricity%5Bmm%5D2000_CoreOrientationCenter_Perspective.png
2,60,40,40,2000,Center,23326,21,https://raw.githubusercontent.com/ShaunWuRamboll/261002_DESIGN-EXPLORER-TOKIO-MARINE/main/ColumnDensityOption2_ColumnThickness%5Bcm%5D60_BeamDepth%5Bcm%5D40_FloorplateThickness%5Bcm%5D40_CoreEccentricity%5Bmm%5D2000_CoreOrientationCenter_Perspective.png
3,60,40,40,2000,Center,22854,19,https://raw.githubusercontent.com/ShaunWuRamboll/261002_DESIGN-EXPLORER-TOKIO-MARINE/main/ColumnDensityOption3_ColumnThickness%5Bcm%5D60_BeamDepth%5Bcm%5D40_FloorplateThickness%5Bcm%5D40_CoreEccentricity%5Bmm%5D2000_CoreOrientationCenter_Perspective.png
0,80,40,40,2000,Center,27426,15,https://raw.githubusercontent.com/ShaunWuRamboll/261002_DESIGN-EXPLORER-TOKIO-MARINE/main/ColumnDensityOption0_ColumnThickness%5Bcm%5D80_BeamDepth%5Bcm%5D40_FloorplateThickness%5Bcm%5D40_CoreEccentricity%5Bmm%5D2000_CoreOrientationCenter_Perspective.png
1,80,40,40,2000,Center,26606,14,https://raw.githubusercontent.com/ShaunWuRamboll/261002_DESIGN-EXPLORER-TOKIO-MARINE/main/ColumnDensityOption1_ColumnThickness%5Bcm%5D80_BeamDepth%5Bcm%5D40_FloorplateThickness%5Bcm%5D40_CoreEccentricity%5Bmm%5D2000_CoreOrientationCenter_Perspective.png
2,80,40,40,2000,Center,25276,13,https://raw.githubusercontent.com/ShaunWuRamboll/261002_DESIGN-EXPLORER-TOKIO-MARINE/main/ColumnDensityOption2_ColumnThickness%5Bcm%5D80_BeamDepth%5Bcm%5D40_FloorplateThickness%5Bcm%5D40_CoreEccentricity%5Bmm%5D2000_CoreOrientationCenter_Perspective.png
3,80,40,40,2000,Center,24535,12,https://raw.githubusercontent.com/ShaunWuRamboll/261002_DESIGN-EXPLORER-TOKIO-MARINE/main/ColumnDensityOption3_ColumnThickness%5Bcm%5D80_BeamDepth%5Bcm%5D40_FloorplateThickness%5Bcm%5D40_CoreEccentricity%5Bmm%5D2000_CoreOrientationCenter_Perspective.png
0,40,60,40,2000,Center,23563,90,https://raw.githubusercontent.com/ShaunWuRamboll/261002_DESIGN-EXPLORER-TOKIO-MARINE/main/ColumnDensityOption0_ColumnThickness%5Bcm%5D40_BeamDepth%5Bcm%5D60_FloorplateThickness%5Bcm%5D40_CoreEccentricity%5Bmm%5D2000_CoreOrientationCenter_Perspective.png
1,40,60,40,2000,Center,23166,78,https://raw.githubusercontent.com/ShaunWuRamboll/261002_DESIGN-EXPLORER-TOKIO-MARINE/main/ColumnDensityOption1_ColumnThickness%5Bcm%5D40_BeamDepth%5Bcm%5D60_FloorplateThickness%5Bcm%5D40_CoreEccentricity%5Bmm%5D2000_CoreOrientationCenter_Perspective.png
2,40,60,40,2000,Center,22259,64,https://raw.githubusercontent.com/ShaunWuRamboll/261002_DESIGN-EXPLORER-TOKIO-MARINE/main/ColumnDensityOption2_ColumnThickness%5Bcm%5D40_BeamDepth%5Bcm%5D60_FloorplateThickness%5Bcm%5D40_CoreEccentricity%5Bmm%5D2000_CoreOrientationCenter_Perspective.png
3,40,60,40,2000,Center,21940,57,https://raw.githubusercontent.com/ShaunWuRamboll/261002_DESIGN-EXPLORER-TOKIO-MARINE/main/ColumnDensityOption3_ColumnThickness%5Bcm%5D40_BeamDepth%5Bcm%5D60_FloorplateThickness%5Bcm%5D40_CoreEccentricity%5Bmm%5D2000_CoreOrientationCenter_Perspective.png
0,60,60,40,2000,Center,25342,30,https://raw.githubusercontent.com/ShaunWuRamboll/261002_DESIGN-EXPLORER-TOKIO-MARINE/main/ColumnDensityOption0_ColumnThickness%5Bcm%5D60_BeamDepth%5Bcm%5D60_FloorplateThickness%5Bcm%5D40_CoreEccentricity%5Bmm%5D2000_CoreOrientationCenter_Perspective.png
1,60,60,40,2000,Center,24752,26,https://raw.githubusercontent.com/ShaunWuRamboll/261002_DESIGN-EXPLORER-TOKIO-MARINE/main/ColumnDensityOption1_ColumnThickness%5Bcm%5D60_BeamDepth%5Bcm%5D60_FloorplateThickness%5Bcm%5D40_CoreEccentricity%5Bmm%5D2000_CoreOrientationCenter_Perspective.png
2,60,60,40,2000,Center,23652,21,https://raw.githubusercontent.com/ShaunWuRamboll/261002_DESIGN-EXPLORER-TOKIO-MARINE/main/ColumnDensityOption2_ColumnThickness%5Bcm%5D60_BeamDepth%5Bcm%5D60_FloorplateThickness%5Bcm%5D40_CoreEccentricity%5Bmm%5D2000_CoreOrientationCenter_Perspective.png
3,60,60,40,2000,Center,23140,19,https://raw.githubusercontent.com/ShaunWuRamboll/261002_DESIGN-EXPLORER-TOKIO-MARINE/main/ColumnDensityOption3_ColumnThickness%5Bcm%5D60_BeamDepth%5Bcm%5D60_FloorplateThickness%5Bcm%5D40_CoreEccentricity%5Bmm%5D2000_CoreOrientationCenter_Perspective.png
0,80,60,40,2000,Center,27832,15,https://raw.githubusercontent.com/ShaunWuRamboll/261002_DESIGN-EXPLORER-TOKIO-MARINE/main/ColumnDensityOption0_ColumnThickness%5Bcm%5D80_BeamDepth%5Bcm%5D60_FloorplateThickness%5Bcm%5D40_CoreEccentricity%5Bmm%5D2000_CoreOrientationCenter_Perspective.png
1,80,60,40,2000,Center,26972,14,https://raw.githubusercontent.com/ShaunWuRamboll/261002_DESIGN-EXPLORER-TOKIO-MARINE/main/ColumnDensityOption1_ColumnThickness%5Bcm%5D80_BeamDepth%5Bcm%5D60_FloorplateThickness%5Bcm%5D40_CoreEccentricity%5Bmm%5D2000_CoreOrientationCenter_Perspective.png
2,80,60,40,2000,Center,25601,12,https://raw.githubusercontent.com/ShaunWuRamboll/261002_DESIGN-EXPLORER-TOKIO-MARINE/main/ColumnDensityOption2_ColumnThickness%5Bcm%5D80_BeamDepth%5Bcm%5D60_FloorplateThickness%5Bcm%5D40_CoreEccentricity%5Bmm%5D2000_CoreOrientationCenter_Perspective.png
3,80,60,40,2000,Center,24820,12,https://raw.githubusercontent.com/ShaunWuRamboll/261002_DESIGN-EXPLORER-TOKIO-MARINE/main/ColumnDensityOption3_ColumnThickness%5Bcm%5D80_BeamDepth%5Bcm%5D60_FloorplateThickness%5Bcm%5D40_CoreEccentricity%5Bmm%5D2000_CoreOrientationCenter_Perspective.png
0,40,80,40,2000,Center,23969,89,https://raw.githubusercontent.com/ShaunWuRamboll/261002_DESIGN-EXPLORER-TOKIO-MARINE/main/ColumnDensityOption0_ColumnThickness%5Bcm%5D40_BeamDepth%5Bcm%5D80_FloorplateThickness%5Bcm%5D40_CoreEccentricity%5Bmm%5D2000_CoreOrientationCenter_Perspective.png
1,40,80,40,2000,Center,23532,79,https://raw.githubusercontent.com/ShaunWuRamboll/261002_DESIGN-EXPLORER-TOKIO-MARINE/main/ColumnDensityOption1_ColumnThickness%5Bcm%5D40_BeamDepth%5Bcm%5D80_FloorplateThickness%5Bcm%5D40_CoreEccentricity%5Bmm%5D2000_CoreOrientationCenter_Perspective.png
2,40,80,40,2000,Center,22584,63,https://raw.githubusercontent.com/ShaunWuRamboll/261002_DESIGN-EXPLORER-TOKIO-MARINE/main/ColumnDensityOption2_ColumnThickness%5Bcm%5D40_BeamDepth%5Bcm%5D80_FloorplateThickness%5Bcm%5D40_CoreEccentricity%5Bmm%5D2000_CoreOrientationCenter_Perspective.png
3,40,80,40,2000,Center,22226,57,https://raw.githubusercontent.com/ShaunWuRamboll/261002_DESIGN-EXPLORER-TOKIO-MARINE/main/ColumnDensityOption3_ColumnThickness%5Bcm%5D40_BeamDepth%5Bcm%5D80_FloorplateThickness%5Bcm%5D40_CoreEccentricity%5Bmm%5D2000_CoreOrientationCenter_Perspective.png
0,60,80,40,2000,Center,25748,30,https://raw.githubusercontent.com/ShaunWuRamboll/261002_DESIGN-EXPLORER-TOKIO-MARINE/main/ColumnDensityOption0_ColumnThickness%5Bcm%5D60_BeamDepth%5Bcm%5D80_FloorplateThickness%5Bcm%5D40_CoreEccentricity%5Bmm%5D2000_CoreOrientationCenter_Perspective.png
1,60,80,40,2000,Center,25118,26,https://raw.githubusercontent.com/ShaunWuRamboll/261002_DESIGN-EXPLORER-TOKIO-MARINE/main/ColumnDensityOption1_ColumnThickness%5Bcm%5D60_BeamDepth%5Bcm%5D80_FloorplateThickness%5Bcm%5D40_CoreEccentricity%5Bmm%5D2000_CoreOrientationCenter_Perspective.png
2,60,80,40,2000,Center,23977,21,https://raw.githubusercontent.com/ShaunWuRamboll/261002_DESIGN-EXPLORER-TOKIO-MARINE/main/ColumnDensityOption2_ColumnThickness%5Bcm%5D60_BeamDepth%5Bcm%5D80_FloorplateThickness%5Bcm%5D40_CoreEccentricity%5Bmm%5D2000_CoreOrientationCenter_Perspective.png
3,60,80,40,2000,Center,23426,18,https://raw.githubusercontent.com/ShaunWuRamboll/261002_DESIGN-EXPLORER-TOKIO-MARINE/main/ColumnDensityOption3_ColumnThickness%5Bcm%5D60_BeamDepth%5Bcm%5D80_FloorplateThickness%5Bcm%5D40_CoreEccentricity%5Bmm%5D2000_CoreOrientationCenter_Perspective.png
0,80,80,40,2000,Center,28238,14,https://raw.githubusercontent.com/ShaunWuRamboll/261002_DESIGN-EXPLORER-TOKIO-MARINE/main/ColumnDensityOption0_ColumnThickness%5Bcm%5D80_BeamDepth%5Bcm%5D80_FloorplateThickness%5Bcm%5D40_CoreEccentricity%5Bmm%5D2000_CoreOrientationCenter_Perspective.png
1,80,80,40,2000,Center,27339,13,https://raw.githubusercontent.com/ShaunWuRamboll/261002_DESIGN-EXPLORER-TOKIO-MARINE/main/ColumnDensityOption1_ColumnThickness%5Bcm%5D80_BeamDepth%5Bcm%5D80_FloorplateThickness%5Bcm%5D40_CoreEccentricity%5Bmm%5D2000_CoreOrientationCenter_Perspective.png
2,80,80,40,2000,Center,25927,11,https://raw.githubusercontent.com/ShaunWuRamboll/261002_DESIGN-EXPLORER-TOKIO-MARINE/main/ColumnDensityOption2_ColumnThickness%5Bcm%5D80_BeamDepth%5Bcm%5D80_FloorplateThickness%5Bcm%5D40_CoreEccentricity%5Bmm%5D2000_CoreOrientationCenter_Perspective.png
3,80,80,40,2000,Center,25106,11,https://raw.githubusercontent.com/ShaunWuRamboll/261002_DESIGN-EXPLORER-TOKIO-MARINE/main/ColumnDensityOption3_ColumnThickness%5Bcm%5D80_BeamDepth%5Bcm%5D80_FloorplateThickness%5Bcm%5D40_CoreEccentricity%5Bmm%5D2000_CoreOrientationCenter_Perspective.png
0,40,20,20,4000,Center,13867,64,https://raw.githubusercontent.com/ShaunWuRamboll/261002_DESIGN-EXPLORER-TOKIO-MARINE/main/ColumnDensityOption0_ColumnThickness%5Bcm%5D40_BeamDepth%5Bcm%5D20_FloorplateThickness%5Bcm%5D20_CoreEccentricity%5Bmm%5D4000_CoreOrientationCenter_Perspective.png
1,40,20,20,4000,Center,13575,57,https://raw.githubusercontent.com/ShaunWuRamboll/261002_DESIGN-EXPLORER-TOKIO-MARINE/main/ColumnDensityOption1_ColumnThickness%5Bcm%5D40_BeamDepth%5Bcm%5D20_FloorplateThickness%5Bcm%5D20_CoreEccentricity%5Bmm%5D4000_CoreOrientationCenter_Perspective.png
2,40,20,20,4000,Center,13027,53,https://raw.githubusercontent.com/ShaunWuRamboll/261002_DESIGN-EXPLORER-TOKIO-MARINE/main/ColumnDensityOption2_ColumnThickness%5Bcm%5D40_BeamDepth%5Bcm%5D20_FloorplateThickness%5Bcm%5D20_CoreEccentricity%5Bmm%5D4000_CoreOrientationCenter_Perspective.png
3,40,20,20,4000,Center,12775,54,https://raw.githubusercontent.com/ShaunWuRamboll/261002_DESIGN-EXPLORER-TOKIO-MARINE/main/ColumnDensityOption3_ColumnThickness%5Bcm%5D40_BeamDepth%5Bcm%5D20_FloorplateThickness%5Bcm%5D20_CoreEccentricity%5Bmm%5D4000_CoreOrientationCenter_Perspective.png
0,60,20,20,4000,Center,15645,38,https://raw.githubusercontent.com/ShaunWuRamboll/261002_DESIGN-EXPLORER-TOKIO-MARINE/main/ColumnDensityOption0_ColumnThickness%5Bcm%5D60_BeamDepth%5Bcm%5D20_FloorplateThickness%5Bcm%5D20_CoreEccentricity%5Bmm%5D4000_CoreOrientationCenter_Perspective.png
1,60,20,20,4000,Center,15161,40,https://raw.githubusercontent.com/ShaunWuRamboll/261002_DESIGN-EXPLORER-TOKIO-MARINE/main/ColumnDensityOption1_ColumnThickness%5Bcm%5D60_BeamDepth%5Bcm%5D20_FloorplateThickness%5Bcm%5D20_CoreEccentricity%5Bmm%5D4000_CoreOrientationCenter_Perspective.png
2,60,20,20,4000,Center,14420,39,https://raw.githubusercontent.com/ShaunWuRamboll/261002_DESIGN-EXPLORER-TOKIO-MARINE/main/ColumnDensityOption2_ColumnThickness%5Bcm%5D60_BeamDepth%5Bcm%5D20_FloorplateThickness%5Bcm%5D20_CoreEccentricity%5Bmm%5D4000_CoreOrientationCenter_Perspective.png
3,60,20,20,4000,Center,13975,42,https://raw.githubusercontent.com/ShaunWuRamboll/261002_DESIGN-EXPLORER-TOKIO-MARINE/main/ColumnDensityOption3_ColumnThickness%5Bcm%5D60_BeamDepth%5Bcm%5D20_FloorplateThickness%5Bcm%5D20_CoreEccentricity%5Bmm%5D4000_CoreOrientationCenter_Perspective.png
0,80,20,20,4000,Center,18135,34,https://raw.githubusercontent.com/ShaunWuRamboll/261002_DESIGN-EXPLORER-TOKIO-MARINE/main/ColumnDensityOption0_ColumnThickness%5Bcm%5D80_BeamDepth%5Bcm%5D20_FloorplateThickness%5Bcm%5D20_CoreEccentricity%5Bmm%5D4000_CoreOrientationCenter_Perspective.png
1,80,20,20,4000,Center,17381,38,https://raw.githubusercontent.com/ShaunWuRamboll/261002_DESIGN-EXPLORER-TOKIO-MARINE/main/ColumnDensityOption1_ColumnThickness%5Bcm%5D80_BeamDepth%5Bcm%5D20_FloorplateThickness%5Bcm%5D20_CoreEccentricity%5Bmm%5D4000_CoreOrientationCenter_Perspective.png
2,80,20,20,4000,Center,16370,37,https://raw.githubusercontent.com/ShaunWuRamboll/261002_DESIGN-EXPLORER-TOKIO-MARINE/main/ColumnDensityOption2_ColumnThickness%5Bcm%5D80_BeamDepth%5Bcm%5D20_FloorplateThickness%5Bcm%5D20_CoreEccentricity%5Bmm%5D4000_CoreOrientationCenter_Perspective.png
3,80,20,20,4000,Center,15655,42,https://raw.githubusercontent.com/ShaunWuRamboll/261002_DESIGN-EXPLORER-TOKIO-MARINE/main/ColumnDensityOption3_ColumnThickness%5Bcm%5D80_BeamDepth%5Bcm%5D20_FloorplateThickness%5Bcm%5D20_CoreEccentricity%5Bmm%5D4000_CoreOrientationCenter_Perspective.png
0,40,40,20,4000,Center,14273,62,https://raw.githubusercontent.com/ShaunWuRamboll/261002_DESIGN-EXPLORER-TOKIO-MARINE/main/ColumnDensityOption0_ColumnThickness%5Bcm%5D40_BeamDepth%5Bcm%5D40_FloorplateThickness%5Bcm%5D20_CoreEccentricity%5Bmm%5D4000_CoreOrientationCenter_Perspective.png
1,40,40,20,4000,Center,13941,50,https://raw.githubusercontent.com/ShaunWuRamboll/261002_DESIGN-EXPLORER-TOKIO-MARINE/main/ColumnDensityOption1_ColumnThickness%5Bcm%5D40_BeamDepth%5Bcm%5D40_FloorplateThickness%5Bcm%5D20_CoreEccentricity%5Bmm%5D4000_CoreOrientationCenter_Perspective.png
2,40,40,20,4000,Center,13353,44,https://raw.githubusercontent.com/ShaunWuRamboll/261002_DESIGN-EXPLORER-TOKIO-MARINE/main/ColumnDensityOption2_ColumnThickness%5Bcm%5D40_BeamDepth%5Bcm%5D40_FloorplateThickness%5Bcm%5D20_CoreEccentricity%5Bmm%5D4000_CoreOrientationCenter_Perspective.png
3,40,40,20,4000,Center,13060,43,https://raw.githubusercontent.com/ShaunWuRamboll/261002_DESIGN-EXPLORER-TOKIO-MARINE/main/ColumnDensityOption3_ColumnThickness%5Bcm%5D40_BeamDepth%5Bcm%5D40_FloorplateThickness%5Bcm%5D20_CoreEccentricity%5Bmm%5D4000_CoreOrientationCenter_Perspective.png
0,60,40,20,4000,Center,16051,28,https://raw.githubusercontent.com/ShaunWuRamboll/261002_DESIGN-EXPLORER-TOKIO-MARINE/main/ColumnDensityOption0_ColumnThickness%5Bcm%5D60_BeamDepth%5Bcm%5D40_FloorplateThickness%5Bcm%5D20_CoreEccentricity%5Bmm%5D4000_CoreOrientationCenter_Perspective.png
1,60,40,20,4000,Center,15527,28,https://raw.githubusercontent.com/ShaunWuRamboll/261002_DESIGN-EXPLORER-TOKIO-MARINE/main/ColumnDensityOption1_ColumnThickness%5Bcm%5D60_BeamDepth%5Bcm%5D40_FloorplateThickness%5Bcm%5D20_CoreEccentricity%5Bmm%5D4000_CoreOrientationCenter_Perspective.png
2,60,40,20,4000,Center,14745,27,https://raw.githubusercontent.com/ShaunWuRamboll/261002_DESIGN-EXPLORER-TOKIO-MARINE/main/ColumnDensityOption2_ColumnThickness%5Bcm%5D60_BeamDepth%5Bcm%5D40_FloorplateThickness%5Bcm%5D20_CoreEccentricity%5Bmm%5D4000_CoreOrientationCenter_Perspective.png
3,60,40,20,4000,Center,14261,30,https://raw.githubusercontent.com/ShaunWuRamboll/261002_DESIGN-EXPLORER-TOKIO-MARINE/main/ColumnDensityOption3_ColumnThickness%5Bcm%5D60_BeamDepth%5Bcm%5D40_FloorplateThickness%5Bcm%5D20_CoreEccentricity%5Bmm%5D4000_CoreOrientationCenter_Perspective.png
0,80,40,20,4000,Center,18541,23,https://raw.githubusercontent.com/ShaunWuRamboll/261002_DESIGN-EXPLORER-TOKIO-MARINE/main/ColumnDensityOption0_ColumnThickness%5Bcm%5D80_BeamDepth%5Bcm%5D40_FloorplateThickness%5Bcm%5D20_CoreEccentricity%5Bmm%5D4000_CoreOrientationCenter_Perspective.png
1,80,40,20,4000,Center,17748,25,https://raw.githubusercontent.com/ShaunWuRamboll/261002_DESIGN-EXPLORER-TOKIO-MARINE/main/ColumnDensityOption1_ColumnThickness%5Bcm%5D80_BeamDepth%5Bcm%5D40_FloorplateThickness%5Bcm%5D20_CoreEccentricity%5Bmm%5D4000_CoreOrientationCenter_Perspective.png
2,80,40,20,4000,Center,16695,25,https://raw.githubusercontent.com/ShaunWuRamboll/261002_DESIGN-EXPLORER-TOKIO-MARINE/main/ColumnDensityOption2_ColumnThickness%5Bcm%5D80_BeamDepth%5Bcm%5D40_FloorplateThickness%5Bcm%5D20_CoreEccentricity%5Bmm%5D4000_CoreOrientationCenter_Perspective.png
3,80,40,20,4000,Center,15941,28,https://raw.githubusercontent.com/ShaunWuRamboll/261002_DESIGN-EXPLORER-TOKIO-MARINE/main/ColumnDensityOption3_ColumnThickness%5Bcm%5D80_BeamDepth%5Bcm%5D40_FloorplateThickness%5Bcm%5D20_CoreEccentricity%5Bmm%5D4000_CoreOrientationCenter_Perspective.png
0,40,60,20,4000,Center,14679,61,https://raw.githubusercontent.com/ShaunWuRamboll/261002_DESIGN-EXPLORER-TOKIO-MARINE/main/ColumnDensityOption0_ColumnThickness%5Bcm%5D40_BeamDepth%5Bcm%5D60_FloorplateThickness%5Bcm%5D20_CoreEccentricity%5Bmm%5D4000_CoreOrientationCenter_Perspective.png
1,40,60,20,4000,Center,14308,52,https://raw.githubusercontent.com/ShaunWuRamboll/261002_DESIGN-EXPLORER-TOKIO-MARINE/main/ColumnDensityOption1_ColumnThickness%5Bcm%5D40_BeamDepth%5Bcm%5D60_FloorplateThickness%5Bcm%5D20_CoreEccentricity%5Bmm%5D4000_CoreOrientationCenter_Perspective.png
2,40,60,20,4000,Center,13678,40,https://raw.githubusercontent.com/ShaunWuRamboll/261002_DESIGN-EXPLORER-TOKIO-MARINE/main/ColumnDensityOption2_ColumnThickness%5Bcm%5D40_BeamDepth%5Bcm%5D60_FloorplateThickness%5Bcm%5D20_CoreEccentricity%5Bmm%5D4000_CoreOrientationCenter_Perspective.png
3,40,60,20,4000,Center,13346,36,https://raw.githubusercontent.com/ShaunWuRamboll/261002_DESIGN-EXPLORER-TOKIO-MARINE/main/ColumnDensityOption3_ColumnThickness%5Bcm%5D40_BeamDepth%5Bcm%5D60_FloorplateThickness%5Bcm%5D20_CoreEccentricity%5Bmm%5D4000_CoreOrientationCenter_Perspective.png
0,60,60,20,4000,Center,16457,23,https://raw.githubusercontent.com/ShaunWuRamboll/261002_DESIGN-EXPLORER-TOKIO-MARINE/main/ColumnDensityOption0_ColumnThickness%5Bcm%5D60_BeamDepth%5Bcm%5D60_FloorplateThickness%5Bcm%5D20_CoreEccentricity%5Bmm%5D4000_CoreOrientationCenter_Perspective.png
1,60,60,20,4000,Center,15894,21,https://raw.githubusercontent.com/ShaunWuRamboll/261002_DESIGN-EXPLORER-TOKIO-MARINE/main/ColumnDensityOption1_ColumnThickness%5Bcm%5D60_BeamDepth%5Bcm%5D60_FloorplateThickness%5Bcm%5D20_CoreEccentricity%5Bmm%5D4000_CoreOrientationCenter_Perspective.png
2,60,60,20,4000,Center,15071,19,https://raw.githubusercontent.com/ShaunWuRamboll/261002_DESIGN-EXPLORER-TOKIO-MARINE/main/ColumnDensityOption2_ColumnThickness%5Bcm%5D60_BeamDepth%5Bcm%5D60_FloorplateThickness%5Bcm%5D20_CoreEccentricity%5Bmm%5D4000_CoreOrientationCenter_Perspective.png
3,60,60,20,4000,Center,14546,21,https://raw.githubusercontent.com/ShaunWuRamboll/261002_DESIGN-EXPLORER-TOKIO-MARINE/main/ColumnDensityOption3_ColumnThickness%5Bcm%5D60_BeamDepth%5Bcm%5D60_FloorplateThickness%5Bcm%5D20_CoreEccentricity%5Bmm%5D4000_CoreOrientationCenter_Perspective.png
0,80,60,20,4000,Center,18947,16,https://raw.githubusercontent.com/ShaunWuRamboll/261002_DESIGN-EXPLORER-TOKIO-MARINE/main/ColumnDensityOption0_ColumnThickness%5Bcm%5D80_BeamDepth%5Bcm%5D60_FloorplateThickness%5Bcm%5D20_CoreEccentricity%5Bmm%5D4000_CoreOrientationCenter_Perspective.png
1,80,60,20,4000,Center,18114,17,https://raw.githubusercontent.com/ShaunWuRamboll/261002_DESIGN-EXPLORER-TOKIO-MARINE/main/ColumnDensityOption1_ColumnThickness%5Bcm%5D80_BeamDepth%5Bcm%5D60_FloorplateThickness%5Bcm%5D20_CoreEccentricity%5Bmm%5D4000_CoreOrientationCenter_Perspective.png
2,80,60,20,4000,Center,17021,16,https://raw.githubusercontent.com/ShaunWuRamboll/261002_DESIGN-EXPLORER-TOKIO-MARINE/main/ColumnDensityOption2_ColumnThickness%5Bcm%5D80_BeamDepth%5Bcm%5D60_FloorplateThickness%5Bcm%5D20_CoreEccentricity%5Bmm%5D4000_CoreOrientationCenter_Perspective.png
3,80,60,20,4000,Center,16227,19,https://raw.githubusercontent.com/ShaunWuRamboll/261002_DESIGN-EXPLORER-TOKIO-MARINE/main/ColumnDensityOption3_ColumnThickness%5Bcm%5D80_BeamDepth%5Bcm%5D60_FloorplateThickness%5Bcm%5D20_CoreEccentricity%5Bmm%5D4000_CoreOrientationCenter_Perspective.png
0,40,80,20,4000,Center,15085,61,https://raw.githubusercontent.com/ShaunWuRamboll/261002_DESIGN-EXPLORER-TOKIO-MARINE/main/ColumnDensityOption0_ColumnThickness%5Bcm%5D40_BeamDepth%5Bcm%5D80_FloorplateThickness%5Bcm%5D20_CoreEccentricity%5Bmm%5D4000_CoreOrientationCenter_Perspective.png
1,40,80,20,4000,Center,14674,52,https://raw.githubusercontent.com/ShaunWuRamboll/261002_DESIGN-EXPLORER-TOKIO-MARINE/main/ColumnDensityOption1_ColumnThickness%5Bcm%5D40_BeamDepth%5Bcm%5D80_FloorplateThickness%5Bcm%5D20_CoreEccentricity%5Bmm%5D4000_CoreOrientationCenter_Perspective.png
2,40,80,20,4000,Center,14003,40,https://raw.githubusercontent.com/ShaunWuRamboll/261002_DESIGN-EXPLORER-TOKIO-MARINE/main/ColumnDensityOption2_ColumnThickness%5Bcm%5D40_BeamDepth%5Bcm%5D80_FloorplateThickness%5Bcm%5D20_CoreEccentricity%5Bmm%5D4000_CoreOrientationCenter_Perspective.png
3,40,80,20,4000,Center,13632,33,https://raw.githubusercontent.com/ShaunWuRamboll/261002_DESIGN-EXPLORER-TOKIO-MARINE/main/ColumnDensityOption3_ColumnThickness%5Bcm%5D40_BeamDepth%5Bcm%5D80_FloorplateThickness%5Bcm%5D20_CoreEccentricity%5Bmm%5D4000_CoreOrientationCenter_Perspective.png
0,60,80,20,4000,Center,16863,20,https://raw.githubusercontent.com/ShaunWuRamboll/261002_DESIGN-EXPLORER-TOKIO-MARINE/main/ColumnDensityOption0_ColumnThickness%5Bcm%5D60_BeamDepth%5Bcm%5D80_FloorplateThickness%5Bcm%5D20_CoreEccentricity%5Bmm%5D4000_CoreOrientationCenter_Perspective.png
1,60,80,20,4000,Center,16260,18,https://raw.githubusercontent.com/ShaunWuRamboll/261002_DESIGN-EXPLORER-TOKIO-MARINE/main/ColumnDensityOption1_ColumnThickness%5Bcm%5D60_BeamDepth%5Bcm%5D80_FloorplateThickness%5Bcm%5D20_CoreEccentricity%5Bmm%5D4000_CoreOrientationCenter_Perspective.png
2,60,80,20,4000,Center,15396,15,https://raw.githubusercontent.com/ShaunWuRamboll/261002_DESIGN-EXPLORER-TOKIO-MARINE/main/ColumnDensityOption2_ColumnThickness%5Bcm%5D60_BeamDepth%5Bcm%5D80_FloorplateThickness%5Bcm%5D20_CoreEccentricity%5Bmm%5D4000_CoreOrientationCenter_Perspective.png
3,60,80,20,4000,Center,14832,16,https://raw.githubusercontent.com/ShaunWuRamboll/261002_DESIGN-EXPLORER-TOKIO-MARINE/main/ColumnDensityOption3_ColumnThickness%5Bcm%5D60_BeamDepth%5Bcm%5D80_FloorplateThickness%5Bcm%5D20_CoreEccentricity%5Bmm%5D4000_CoreOrientationCenter_Perspective.png
0,80,80,20,4000,Center,19353,12,https://raw.githubusercontent.com/ShaunWuRamboll/261002_DESIGN-EXPLORER-TOKIO-MARINE/main/ColumnDensityOption0_ColumnThickness%5Bcm%5D80_BeamDepth%5Bcm%5D80_FloorplateThickness%5Bcm%5D20_CoreEccentricity%5Bmm%5D4000_CoreOrientationCenter_Perspective.png
1,80,80,20,4000,Center,18480,12,https://raw.githubusercontent.com/ShaunWuRamboll/261002_DESIGN-EXPLORER-TOKIO-MARINE/main/ColumnDensityOption1_ColumnThickness%5Bcm%5D80_BeamDepth%5Bcm%5D80_FloorplateThickness%5Bcm%5D20_CoreEccentricity%5Bmm%5D4000_CoreOrientationCenter_Perspective.png
2,80,80,20,4000,Center,17346,11,https://raw.githubusercontent.com/ShaunWuRamboll/261002_DESIGN-EXPLORER-TOKIO-MARINE/main/ColumnDensityOption2_ColumnThickness%5Bcm%5D80_BeamDepth%5Bcm%5D80_FloorplateThickness%5Bcm%5D20_CoreEccentricity%5Bmm%5D4000_CoreOrientationCenter_Perspective.png
3,80,80,20,4000,Center,16512,13,https://raw.githubusercontent.com/ShaunWuRamboll/261002_DESIGN-EXPLORER-TOKIO-MARINE/main/ColumnDensityOption3_ColumnThickness%5Bcm%5D80_BeamDepth%5Bcm%5D80_FloorplateThickness%5Bcm%5D20_CoreEccentricity%5Bmm%5D4000_CoreOrientationCenter_Perspective.png
0,40,20,40,4000,Center,22751,88,https://raw.githubusercontent.com/ShaunWuRamboll/261002_DESIGN-EXPLORER-TOKIO-MARINE/main/ColumnDensityOption0_ColumnThickness%5Bcm%5D40_BeamDepth%5Bcm%5D20_FloorplateThickness%5Bcm%5D40_CoreEccentricity%5Bmm%5D4000_CoreOrientationCenter_Perspective.png
1,40,20,40,4000,Center,22433,77,https://raw.githubusercontent.com/ShaunWuRamboll/261002_DESIGN-EXPLORER-TOKIO-MARINE/main/ColumnDensityOption1_ColumnThickness%5Bcm%5D40_BeamDepth%5Bcm%5D20_FloorplateThickness%5Bcm%5D40_CoreEccentricity%5Bmm%5D4000_CoreOrientationCenter_Perspective.png
2,40,20,40,4000,Center,21608,63,https://raw.githubusercontent.com/ShaunWuRamboll/261002_DESIGN-EXPLORER-TOKIO-MARINE/main/ColumnDensityOption2_ColumnThickness%5Bcm%5D40_BeamDepth%5Bcm%5D20_FloorplateThickness%5Bcm%5D40_CoreEccentricity%5Bmm%5D4000_CoreOrientationCenter_Perspective.png
3,40,20,40,4000,Center,21368,58,https://raw.githubusercontent.com/ShaunWuRamboll/261002_DESIGN-EXPLORER-TOKIO-MARINE/main/ColumnDensityOption3_ColumnThickness%5Bcm%5D40_BeamDepth%5Bcm%5D20_FloorplateThickness%5Bcm%5D40_CoreEccentricity%5Bmm%5D4000_CoreOrientationCenter_Perspective.png
0,60,20,40,4000,Center,24530,29,https://raw.githubusercontent.com/ShaunWuRamboll/261002_DESIGN-EXPLORER-TOKIO-MARINE/main/ColumnDensityOption0_ColumnThickness%5Bcm%5D60_BeamDepth%5Bcm%5D20_FloorplateThickness%5Bcm%5D40_CoreEccentricity%5Bmm%5D4000_CoreOrientationCenter_Perspective.png
1,60,20,40,4000,Center,24019,25,https://raw.githubusercontent.com/ShaunWuRamboll/261002_DESIGN-EXPLORER-TOKIO-MARINE/main/ColumnDensityOption1_ColumnThickness%5Bcm%5D60_BeamDepth%5Bcm%5D20_FloorplateThickness%5Bcm%5D40_CoreEccentricity%5Bmm%5D4000_CoreOrientationCenter_Perspective.png
2,60,20,40,4000,Center,23001,21,https://raw.githubusercontent.com/ShaunWuRamboll/261002_DESIGN-EXPLORER-TOKIO-MARINE/main/ColumnDensityOption2_ColumnThickness%5Bcm%5D60_BeamDepth%5Bcm%5D20_FloorplateThickness%5Bcm%5D40_CoreEccentricity%5Bmm%5D4000_CoreOrientationCenter_Perspective.png
3,60,20,40,4000,Center,22569,19,https://raw.githubusercontent.com/ShaunWuRamboll/261002_DESIGN-EXPLORER-TOKIO-MARINE/main/ColumnDensityOption3_ColumnThickness%5Bcm%5D60_BeamDepth%5Bcm%5D20_FloorplateThickness%5Bcm%5D40_CoreEccentricity%5Bmm%5D4000_CoreOrientationCenter_Perspective.png
0,80,20,40,4000,Center,27020,15,https://raw.githubusercontent.com/ShaunWuRamboll/261002_DESIGN-EXPLORER-TOKIO-MARINE/main/ColumnDensityOption0_ColumnThickness%5Bcm%5D80_BeamDepth%5Bcm%5D20_FloorplateThickness%5Bcm%5D40_CoreEccentricity%5Bmm%5D4000_CoreOrientationCenter_Perspective.png
1,80,20,40,4000,Center,26239,14,https://raw.githubusercontent.com/ShaunWuRamboll/261002_DESIGN-EXPLORER-TOKIO-MARINE/main/ColumnDensityOption1_ColumnThickness%5Bcm%5D80_BeamDepth%5Bcm%5D20_FloorplateThickness%5Bcm%5D40_CoreEccentricity%5Bmm%5D4000_CoreOrientationCenter_Perspective.png
2,80,20,40,4000,Center,24951,13,https://raw.githubusercontent.com/ShaunWuRamboll/261002_DESIGN-EXPLORER-TOKIO-MARINE/main/ColumnDensityOption2_ColumnThickness%5Bcm%5D80_BeamDepth%5Bcm%5D20_FloorplateThickness%5Bcm%5D40_CoreEccentricity%5Bmm%5D4000_CoreOrientationCenter_Perspective.png
3,80,20,40,4000,Center,24249,13,https://raw.githubusercontent.com/ShaunWuRamboll/261002_DESIGN-EXPLORER-TOKIO-MARINE/main/ColumnDensityOption3_ColumnThickness%5Bcm%5D80_BeamDepth%5Bcm%5D20_FloorplateThickness%5Bcm%5D40_CoreEccentricity%5Bmm%5D4000_CoreOrientationCenter_Perspective.png
0,40,40,40,4000,Center,23157,89,https://raw.githubusercontent.com/ShaunWuRamboll/261002_DESIGN-EXPLORER-TOKIO-MARINE/main/ColumnDensityOption0_ColumnThickness%5Bcm%5D40_BeamDepth%5Bcm%5D40_FloorplateThickness%5Bcm%5D40_CoreEccentricity%5Bmm%5D4000_CoreOrientationCenter_Perspective.png
1,40,40,40,4000,Center,22800,78,https://raw.githubusercontent.com/ShaunWuRamboll/261002_DESIGN-EXPLORER-TOKIO-MARINE/main/ColumnDensityOption1_ColumnThickness%5Bcm%5D40_BeamDepth%5Bcm%5D40_FloorplateThickness%5Bcm%5D40_CoreEccentricity%5Bmm%5D4000_CoreOrientationCenter_Perspective.png
2,40,40,40,4000,Center,21933,64,https://raw.githubusercontent.com/ShaunWuRamboll/261002_DESIGN-EXPLORER-TOKIO-MARINE/main/ColumnDensityOption2_ColumnThickness%5Bcm%5D40_BeamDepth%5Bcm%5D40_FloorplateThickness%5Bcm%5D40_CoreEccentricity%5Bmm%5D4000_CoreOrientationCenter_Perspective.png
3,40,40,40,4000,Center,21654,58,https://raw.githubusercontent.com/ShaunWuRamboll/261002_DESIGN-EXPLORER-TOKIO-MARINE/main/ColumnDensityOption3_ColumnThickness%5Bcm%5D40_BeamDepth%5Bcm%5D40_FloorplateThickness%5Bcm%5D40_CoreEccentricity%5Bmm%5D4000_CoreOrientationCenter_Perspective.png
0,60,40,40,4000,Center,24936,29,https://raw.githubusercontent.com/ShaunWuRamboll/261002_DESIGN-EXPLORER-TOKIO-MARINE/main/ColumnDensityOption0_ColumnThickness%5Bcm%5D60_BeamDepth%5Bcm%5D40_FloorplateThickness%5Bcm%5D40_CoreEccentricity%5Bmm%5D4000_CoreOrientationCenter_Perspective.png
1,60,40,40,4000,Center,24385,25,https://raw.githubusercontent.com/ShaunWuRamboll/261002_DESIGN-EXPLORER-TOKIO-MARINE/main/ColumnDensityOption1_ColumnThickness%5Bcm%5D60_BeamDepth%5Bcm%5D40_FloorplateThickness%5Bcm%5D40_CoreEccentricity%5Bmm%5D4000_CoreOrientationCenter_Perspective.png
2,60,40,40,4000,Center,23326,21,https://raw.githubusercontent.com/ShaunWuRamboll/261002_DESIGN-EXPLORER-TOKIO-MARINE/main/ColumnDensityOption2_ColumnThickness%5Bcm%5D60_BeamDepth%5Bcm%5D40_FloorplateThickness%5Bcm%5D40_CoreEccentricity%5Bmm%5D4000_CoreOrientationCenter_Perspective.png
3,60,40,40,4000,Center,22854,19,https://raw.githubusercontent.com/ShaunWuRamboll/261002_DESIGN-EXPLORER-TOKIO-MARINE/main/ColumnDensityOption3_ColumnThickness%5Bcm%5D60_BeamDepth%5Bcm%5D40_FloorplateThickness%5Bcm%5D40_CoreEccentricity%5Bmm%5D4000_CoreOrientationCenter_Perspective.png
0,80,40,40,4000,Center,27426,15,https://raw.githubusercontent.com/ShaunWuRamboll/261002_DESIGN-EXPLORER-TOKIO-MARINE/main/ColumnDensityOption0_ColumnThickness%5Bcm%5D80_BeamDepth%5Bcm%5D40_FloorplateThickness%5Bcm%5D40_CoreEccentricity%5Bmm%5D4000_CoreOrientationCenter_Perspective.png
1,80,40,40,4000,Center,26606,14,https://raw.githubusercontent.com/ShaunWuRamboll/261002_DESIGN-EXPLORER-TOKIO-MARINE/main/ColumnDensityOption1_ColumnThickness%5Bcm%5D80_BeamDepth%5Bcm%5D40_FloorplateThickness%5Bcm%5D40_CoreEccentricity%5Bmm%5D4000_CoreOrientationCenter_Perspective.png
2,80,40,40,4000,Center,25276,13,https://raw.githubusercontent.com/ShaunWuRamboll/261002_DESIGN-EXPLORER-TOKIO-MARINE/main/ColumnDensityOption2_ColumnThickness%5Bcm%5D80_BeamDepth%5Bcm%5D40_FloorplateThickness%5Bcm%5D40_CoreEccentricity%5Bmm%5D4000_CoreOrientationCenter_Perspective.png
3,80,40,40,4000,Center,24535,12,https://raw.githubusercontent.com/ShaunWuRamboll/261002_DESIGN-EXPLORER-TOKIO-MARINE/main/ColumnDensityOption3_ColumnThickness%5Bcm%5D80_BeamDepth%5Bcm%5D40_FloorplateThickness%5Bcm%5D40_CoreEccentricity%5Bmm%5D4000_CoreOrientationCenter_Perspective.png
0,40,60,40,4000,Center,23563,90,https://raw.githubusercontent.com/ShaunWuRamboll/261002_DESIGN-EXPLORER-TOKIO-MARINE/main/ColumnDensityOption0_ColumnThickness%5Bcm%5D40_BeamDepth%5Bcm%5D60_FloorplateThickness%5Bcm%5D40_CoreEccentricity%5Bmm%5D4000_CoreOrientationCenter_Perspective.png
1,40,60,40,4000,Center,23166,78,https://raw.githubusercontent.com/ShaunWuRamboll/261002_DESIGN-EXPLORER-TOKIO-MARINE/main/ColumnDensityOption1_ColumnThickness%5Bcm%5D40_BeamDepth%5Bcm%5D60_FloorplateThickness%5Bcm%5D40_CoreEccentricity%5Bmm%5D4000_CoreOrientationCenter_Perspective.png
2,40,60,40,4000,Center,22259,64,https://raw.githubusercontent.com/ShaunWuRamboll/261002_DESIGN-EXPLORER-TOKIO-MARINE/main/ColumnDensityOption2_ColumnThickness%5Bcm%5D40_BeamDepth%5Bcm%5D60_FloorplateThickness%5Bcm%5D40_CoreEccentricity%5Bmm%5D4000_CoreOrientationCenter_Perspective.png
3,40,60,40,4000,Center,21940,57,https://raw.githubusercontent.com/ShaunWuRamboll/261002_DESIGN-EXPLORER-TOKIO-MARINE/main/ColumnDensityOption3_ColumnThickness%5Bcm%5D40_BeamDepth%5Bcm%5D60_FloorplateThickness%5Bcm%5D40_CoreEccentricity%5Bmm%5D4000_CoreOrientationCenter_Perspective.png
0,60,60,40,4000,Center,25342,30,https://raw.githubusercontent.com/ShaunWuRamboll/261002_DESIGN-EXPLORER-TOKIO-MARINE/main/ColumnDensityOption0_ColumnThickness%5Bcm%5D60_BeamDepth%5Bcm%5D60_FloorplateThickness%5Bcm%5D40_CoreEccentricity%5Bmm%5D4000_CoreOrientationCenter_Perspective.png
1,60,60,40,4000,Center,24752,26,https://raw.githubusercontent.com/ShaunWuRamboll/261002_DESIGN-EXPLORER-TOKIO-MARINE/main/ColumnDensityOption1_ColumnThickness%5Bcm%5D60_BeamDepth%5Bcm%5D60_FloorplateThickness%5Bcm%5D40_CoreEccentricity%5Bmm%5D4000_CoreOrientationCenter_Perspective.png
2,60,60,40,4000,Center,23652,21,https://raw.githubusercontent.com/ShaunWuRamboll/261002_DESIGN-EXPLORER-TOKIO-MARINE/main/ColumnDensityOption2_ColumnThickness%5Bcm%5D60_BeamDepth%5Bcm%5D60_FloorplateThickness%5Bcm%5D40_CoreEccentricity%5Bmm%5D4000_CoreOrientationCenter_Perspective.png
3,60,60,40,4000,Center,23140,19,https://raw.githubusercontent.com/ShaunWuRamboll/261002_DESIGN-EXPLORER-TOKIO-MARINE/main/ColumnDensityOption3_ColumnThickness%5Bcm%5D60_BeamDepth%5Bcm%5D60_FloorplateThickness%5Bcm%5D40_CoreEccentricity%5Bmm%5D4000_CoreOrientationCenter_Perspective.png
0,80,60,40,4000,Center,27832,15,https://raw.githubusercontent.com/ShaunWuRamboll/261002_DESIGN-EXPLORER-TOKIO-MARINE/main/ColumnDensityOption0_ColumnThickness%5Bcm%5D80_BeamDepth%5Bcm%5D60_FloorplateThickness%5Bcm%5D40_CoreEccentricity%5Bmm%5D4000_CoreOrientationCenter_Perspective.png
1,80,60,40,4000,Center,26972,14,https://raw.githubusercontent.com/ShaunWuRamboll/261002_DESIGN-EXPLORER-TOKIO-MARINE/main/ColumnDensityOption1_ColumnThickness%5Bcm%5D80_BeamDepth%5Bcm%5D60_FloorplateThickness%5Bcm%5D40_CoreEccentricity%5Bmm%5D4000_CoreOrientationCenter_Perspective.png
2,80,60,40,4000,Center,25601,12,https://raw.githubusercontent.com/ShaunWuRamboll/261002_DESIGN-EXPLORER-TOKIO-MARINE/main/ColumnDensityOption2_ColumnThickness%5Bcm%5D80_BeamDepth%5Bcm%5D60_FloorplateThickness%5Bcm%5D40_CoreEccentricity%5Bmm%5D4000_CoreOrientationCenter_Perspective.png
3,80,60,40,4000,Center,24820,12,https://raw.githubusercontent.com/ShaunWuRamboll/261002_DESIGN-EXPLORER-TOKIO-MARINE/main/ColumnDensityOption3_ColumnThickness%5Bcm%5D80_BeamDepth%5Bcm%5D60_FloorplateThickness%5Bcm%5D40_CoreEccentricity%5Bmm%5D4000_CoreOrientationCenter_Perspective.png
0,40,80,40,4000,Center,23969,89,https://raw.githubusercontent.com/ShaunWuRamboll/261002_DESIGN-EXPLORER-TOKIO-MARINE/main/ColumnDensityOption0_ColumnThickness%5Bcm%5D40_BeamDepth%5Bcm%5D80_FloorplateThickness%5Bcm%5D40_CoreEccentricity%5Bmm%5D4000_CoreOrientationCenter_Perspective.png
1,40,80,40,4000,Center,23532,79,https://raw.githubusercontent.com/ShaunWuRamboll/261002_DESIGN-EXPLORER-TOKIO-MARINE/main/ColumnDensityOption1_ColumnThickness%5Bcm%5D40_BeamDepth%5Bcm%5D80_FloorplateThickness%5Bcm%5D40_CoreEccentricity%5Bmm%5D4000_CoreOrientationCenter_Perspective.png
2,40,80,40,4000,Center,22584,63,https://raw.githubusercontent.com/ShaunWuRamboll/261002_DESIGN-EXPLORER-TOKIO-MARINE/main/ColumnDensityOption2_ColumnThickness%5Bcm%5D40_BeamDepth%5Bcm%5D80_FloorplateThickness%5Bcm%5D40_CoreEccentricity%5Bmm%5D4000_CoreOrientationCenter_Perspective.png
3,40,80,40,4000,Center,22226,57,https://raw.githubusercontent.com/ShaunWuRamboll/261002_DESIGN-EXPLORER-TOKIO-MARINE/main/ColumnDensityOption3_ColumnThickness%5Bcm%5D40_BeamDepth%5Bcm%5D80_FloorplateThickness%5Bcm%5D40_CoreEccentricity%5Bmm%5D4000_CoreOrientationCenter_Perspective.png
0,60,80,40,4000,Center,25748,30,https://raw.githubusercontent.com/ShaunWuRamboll/261002_DESIGN-EXPLORER-TOKIO-MARINE/main/ColumnDensityOption0_ColumnThickness%5Bcm%5D60_BeamDepth%5Bcm%5D80_FloorplateThickness%5Bcm%5D40_CoreEccentricity%5Bmm%5D4000_CoreOrientationCenter_Perspective.png
1,60,80,40,4000,Center,25118,26,https://raw.githubusercontent.com/ShaunWuRamboll/261002_DESIGN-EXPLORER-TOKIO-MARINE/main/ColumnDensityOption1_ColumnThickness%5Bcm%5D60_BeamDepth%5Bcm%5D80_FloorplateThickness%5Bcm%5D40_CoreEccentricity%5Bmm%5D4000_CoreOrientationCenter_Perspective.png
2,60,80,40,4000,Center,23977,21,https://raw.githubusercontent.com/ShaunWuRamboll/261002_DESIGN-EXPLORER-TOKIO-MARINE/main/ColumnDensityOption2_ColumnThickness%5Bcm%5D60_BeamDepth%5Bcm%5D80_FloorplateThickness%5Bcm%5D40_CoreEccentricity%5Bmm%5D4000_CoreOrientationCenter_Perspective.png
3,60,80,40,4000,Center,23426,18,https://raw.githubusercontent.com/ShaunWuRamboll/261002_DESIGN-EXPLORER-TOKIO-MARINE/main/ColumnDensityOption3_ColumnThickness%5Bcm%5D60_BeamDepth%5Bcm%5D80_FloorplateThickness%5Bcm%5D40_CoreEccentricity%5Bmm%5D4000_CoreOrientationCenter_Perspective.png
0,80,80,40,4000,Center,28238,14,https://raw.githubusercontent.com/ShaunWuRamboll/261002_DESIGN-EXPLORER-TOKIO-MARINE/main/ColumnDensityOption0_ColumnThickness%5Bcm%5D80_BeamDepth%5Bcm%5D80_FloorplateThickness%5Bcm%5D40_CoreEccentricity%5Bmm%5D4000_CoreOrientationCenter_Perspective.png
1,80,80,40,4000,Center,27339,13,https://raw.githubusercontent.com/ShaunWuRamboll/261002_DESIGN-EXPLORER-TOKIO-MARINE/main/ColumnDensityOption1_ColumnThickness%5Bcm%5D80_BeamDepth%5Bcm%5D80_FloorplateThickness%5Bcm%5D40_CoreEccentricity%5Bmm%5D4000_CoreOrientationCenter_Perspective.png
2,80,80,40,4000,Center,25927,11,https://raw.githubusercontent.com/ShaunWuRamboll/261002_DESIGN-EXPLORER-TOKIO-MARINE/main/ColumnDensityOption2_ColumnThickness%5Bcm%5D80_BeamDepth%5Bcm%5D80_FloorplateThickness%5Bcm%5D40_CoreEccentricity%5Bmm%5D4000_CoreOrientationCenter_Perspective.png
3,80,80,40,4000,Center,25106,11,https://raw.githubusercontent.com/ShaunWuRamboll/261002_DESIGN-EXPLORER-TOKIO-MARINE/main/ColumnDensityOption3_ColumnThickness%5Bcm%5D80_BeamDepth%5Bcm%5D80_FloorplateThickness%5Bcm%5D40_CoreEccentricity%5Bmm%5D4000_CoreOrientationCenter_Perspective.png
0,40,20,20,2000,North Wing,13858,64,https://raw.githubusercontent.com/ShaunWuRamboll/261002_DESIGN-EXPLORER-TOKIO-MARINE/main/ColumnDensityOption0_ColumnThickness%5Bcm%5D40_BeamDepth%5Bcm%5D20_FloorplateThickness%5Bcm%5D20_CoreEccentricity%5Bmm%5D2000_CoreOrientationNorthWing_Perspective.png
1,40,20,20,2000,North Wing,13566,62,https://raw.githubusercontent.com/ShaunWuRamboll/261002_DESIGN-EXPLORER-TOKIO-MARINE/main/ColumnDensityOption1_ColumnThickness%5Bcm%5D40_BeamDepth%5Bcm%5D20_FloorplateThickness%5Bcm%5D20_CoreEccentricity%5Bmm%5D2000_CoreOrientationNorthWing_Perspective.png
2,40,20,20,2000,North Wing,13018,59,https://raw.githubusercontent.com/ShaunWuRamboll/261002_DESIGN-EXPLORER-TOKIO-MARINE/main/ColumnDensityOption2_ColumnThickness%5Bcm%5D40_BeamDepth%5Bcm%5D20_FloorplateThickness%5Bcm%5D20_CoreEccentricity%5Bmm%5D2000_CoreOrientationNorthWing_Perspective.png
3,40,20,20,2000,North Wing,12765,63,https://raw.githubusercontent.com/ShaunWuRamboll/261002_DESIGN-EXPLORER-TOKIO-MARINE/main/ColumnDensityOption3_ColumnThickness%5Bcm%5D40_BeamDepth%5Bcm%5D20_FloorplateThickness%5Bcm%5D20_CoreEccentricity%5Bmm%5D2000_CoreOrientationNorthWing_Perspective.png
0,60,20,20,2000,North Wing,15637,41,https://raw.githubusercontent.com/ShaunWuRamboll/261002_DESIGN-EXPLORER-TOKIO-MARINE/main/ColumnDensityOption0_ColumnThickness%5Bcm%5D60_BeamDepth%5Bcm%5D20_FloorplateThickness%5Bcm%5D20_CoreEccentricity%5Bmm%5D2000_CoreOrientationNorthWing_Perspective.png
1,60,20,20,2000,North Wing,15151,44,https://raw.githubusercontent.com/ShaunWuRamboll/261002_DESIGN-EXPLORER-TOKIO-MARINE/main/ColumnDensityOption1_ColumnThickness%5Bcm%5D60_BeamDepth%5Bcm%5D20_FloorplateThickness%5Bcm%5D20_CoreEccentricity%5Bmm%5D2000_CoreOrientationNorthWing_Perspective.png
2,60,20,20,2000,North Wing,14411,45,https://raw.githubusercontent.com/ShaunWuRamboll/261002_DESIGN-EXPLORER-TOKIO-MARINE/main/ColumnDensityOption2_ColumnThickness%5Bcm%5D60_BeamDepth%5Bcm%5D20_FloorplateThickness%5Bcm%5D20_CoreEccentricity%5Bmm%5D2000_CoreOrientationNorthWing_Perspective.png
3,60,20,20,2000,North Wing,13965,53,https://raw.githubusercontent.com/ShaunWuRamboll/261002_DESIGN-EXPLORER-TOKIO-MARINE/main/ColumnDensityOption3_ColumnThickness%5Bcm%5D60_BeamDepth%5Bcm%5D20_FloorplateThickness%5Bcm%5D20_CoreEccentricity%5Bmm%5D2000_CoreOrientationNorthWing_Perspective.png
0,80,20,20,2000,North Wing,18126,39,https://raw.githubusercontent.com/ShaunWuRamboll/261002_DESIGN-EXPLORER-TOKIO-MARINE/main/ColumnDensityOption0_ColumnThickness%5Bcm%5D80_BeamDepth%5Bcm%5D20_FloorplateThickness%5Bcm%5D20_CoreEccentricity%5Bmm%5D2000_CoreOrientationNorthWing_Perspective.png
1,80,20,20,2000,North Wing,17372,44,https://raw.githubusercontent.com/ShaunWuRamboll/261002_DESIGN-EXPLORER-TOKIO-MARINE/main/ColumnDensityOption1_ColumnThickness%5Bcm%5D80_BeamDepth%5Bcm%5D20_FloorplateThickness%5Bcm%5D20_CoreEccentricity%5Bmm%5D2000_CoreOrientationNorthWing_Perspective.png
2,80,20,20,2000,North Wing,16361,44,https://raw.githubusercontent.com/ShaunWuRamboll/261002_DESIGN-EXPLORER-TOKIO-MARINE/main/ColumnDensityOption2_ColumnThickness%5Bcm%5D80_BeamDepth%5Bcm%5D20_FloorplateThickness%5Bcm%5D20_CoreEccentricity%5Bmm%5D2000_CoreOrientationNorthWing_Perspective.png
3,80,20,20,2000,North Wing,15646,56,https://raw.githubusercontent.com/ShaunWuRamboll/261002_DESIGN-EXPLORER-TOKIO-MARINE/main/ColumnDensityOption3_ColumnThickness%5Bcm%5D80_BeamDepth%5Bcm%5D20_FloorplateThickness%5Bcm%5D20_CoreEccentricity%5Bmm%5D2000_CoreOrientationNorthWing_Perspective.png
0,40,40,20,2000,North Wing,14264,64,https://raw.githubusercontent.com/ShaunWuRamboll/261002_DESIGN-EXPLORER-TOKIO-MARINE/main/ColumnDensityOption0_ColumnThickness%5Bcm%5D40_BeamDepth%5Bcm%5D40_FloorplateThickness%5Bcm%5D20_CoreEccentricity%5Bmm%5D2000_CoreOrientationNorthWing_Perspective.png
1,40,40,20,2000,North Wing,13932,53,https://raw.githubusercontent.com/ShaunWuRamboll/261002_DESIGN-EXPLORER-TOKIO-MARINE/main/ColumnDensityOption1_ColumnThickness%5Bcm%5D40_BeamDepth%5Bcm%5D40_FloorplateThickness%5Bcm%5D20_CoreEccentricity%5Bmm%5D2000_CoreOrientationNorthWing_Perspective.png
2,40,40,20,2000,North Wing,13343,46,https://raw.githubusercontent.com/ShaunWuRamboll/261002_DESIGN-EXPLORER-TOKIO-MARINE/main/ColumnDensityOption2_ColumnThickness%5Bcm%5D40_BeamDepth%5Bcm%5D40_FloorplateThickness%5Bcm%5D20_CoreEccentricity%5Bmm%5D2000_CoreOrientationNorthWing_Perspective.png
3,40,40,20,2000,North Wing,13051,49,https://raw.githubusercontent.com/ShaunWuRamboll/261002_DESIGN-EXPLORER-TOKIO-MARINE/main/ColumnDensityOption3_ColumnThickness%5Bcm%5D40_BeamDepth%5Bcm%5D40_FloorplateThickness%5Bcm%5D20_CoreEccentricity%5Bmm%5D2000_CoreOrientationNorthWing_Perspective.png
0,60,40,20,2000,North Wing,16043,29,https://raw.githubusercontent.com/ShaunWuRamboll/261002_DESIGN-EXPLORER-TOKIO-MARINE/main/ColumnDensityOption0_ColumnThickness%5Bcm%5D60_BeamDepth%5Bcm%5D40_FloorplateThickness%5Bcm%5D20_CoreEccentricity%5Bmm%5D2000_CoreOrientationNorthWing_Perspective.png
1,60,40,20,2000,North Wing,15518,30,https://raw.githubusercontent.com/ShaunWuRamboll/261002_DESIGN-EXPLORER-TOKIO-MARINE/main/ColumnDensityOption1_ColumnThickness%5Bcm%5D60_BeamDepth%5Bcm%5D40_FloorplateThickness%5Bcm%5D20_CoreEccentricity%5Bmm%5D2000_CoreOrientationNorthWing_Perspective.png
2,60,40,20,2000,North Wing,14736,30,https://raw.githubusercontent.com/ShaunWuRamboll/261002_DESIGN-EXPLORER-TOKIO-MARINE/main/ColumnDensityOption2_ColumnThickness%5Bcm%5D60_BeamDepth%5Bcm%5D40_FloorplateThickness%5Bcm%5D20_CoreEccentricity%5Bmm%5D2000_CoreOrientationNorthWing_Perspective.png
3,60,40,20,2000,North Wing,14251,33,https://raw.githubusercontent.com/ShaunWuRamboll/261002_DESIGN-EXPLORER-TOKIO-MARINE/main/ColumnDensityOption3_ColumnThickness%5Bcm%5D60_BeamDepth%5Bcm%5D40_FloorplateThickness%5Bcm%5D20_CoreEccentricity%5Bmm%5D2000_CoreOrientationNorthWing_Perspective.png
0,80,40,20,2000,North Wing,18532,25,https://raw.githubusercontent.com/ShaunWuRamboll/261002_DESIGN-EXPLORER-TOKIO-MARINE/main/ColumnDensityOption0_ColumnThickness%5Bcm%5D80_BeamDepth%5Bcm%5D40_FloorplateThickness%5Bcm%5D20_CoreEccentricity%5Bmm%5D2000_CoreOrientationNorthWing_Perspective.png
1,80,40,20,2000,North Wing,17738,27,https://raw.githubusercontent.com/ShaunWuRamboll/261002_DESIGN-EXPLORER-TOKIO-MARINE/main/ColumnDensityOption1_ColumnThickness%5Bcm%5D80_BeamDepth%5Bcm%5D40_FloorplateThickness%5Bcm%5D20_CoreEccentricity%5Bmm%5D2000_CoreOrientationNorthWing_Perspective.png
2,80,40,20,2000,North Wing,16686,27,https://raw.githubusercontent.com/ShaunWuRamboll/261002_DESIGN-EXPLORER-TOKIO-MARINE/main/ColumnDensityOption2_ColumnThickness%5Bcm%5D80_BeamDepth%5Bcm%5D40_FloorplateThickness%5Bcm%5D20_CoreEccentricity%5Bmm%5D2000_CoreOrientationNorthWing_Perspective.png
3,80,40,20,2000,North Wing,15931,33,https://raw.githubusercontent.com/ShaunWuRamboll/261002_DESIGN-EXPLORER-TOKIO-MARINE/main/ColumnDensityOption3_ColumnThickness%5Bcm%5D80_BeamDepth%5Bcm%5D40_FloorplateThickness%5Bcm%5D20_CoreEccentricity%5Bmm%5D2000_CoreOrientationNorthWing_Perspective.png
0,40,60,20,2000,North Wing,14670,67,https://raw.githubusercontent.com/ShaunWuRamboll/261002_DESIGN-EXPLORER-TOKIO-MARINE/main/ColumnDensityOption0_ColumnThickness%5Bcm%5D40_BeamDepth%5Bcm%5D60_FloorplateThickness%5Bcm%5D20_CoreEccentricity%5Bmm%5D2000_CoreOrientationNorthWing_Perspective.png
1,40,60,20,2000,North Wing,14298,57,https://raw.githubusercontent.com/ShaunWuRamboll/261002_DESIGN-EXPLORER-TOKIO-MARINE/main/ColumnDensityOption1_ColumnThickness%5Bcm%5D40_BeamDepth%5Bcm%5D60_FloorplateThickness%5Bcm%5D20_CoreEccentricity%5Bmm%5D2000_CoreOrientationNorthWing_Perspective.png
2,40,60,20,2000,North Wing,13668,44,https://raw.githubusercontent.com/ShaunWuRamboll/261002_DESIGN-EXPLORER-TOKIO-MARINE/main/ColumnDensityOption2_ColumnThickness%5Bcm%5D40_BeamDepth%5Bcm%5D60_FloorplateThickness%5Bcm%5D20_CoreEccentricity%5Bmm%5D2000_CoreOrientationNorthWing_Perspective.png
3,40,60,20,2000,North Wing,13337,39,https://raw.githubusercontent.com/ShaunWuRamboll/261002_DESIGN-EXPLORER-TOKIO-MARINE/main/ColumnDensityOption3_ColumnThickness%5Bcm%5D40_BeamDepth%5Bcm%5D60_FloorplateThickness%5Bcm%5D20_CoreEccentricity%5Bmm%5D2000_CoreOrientationNorthWing_Perspective.png
0,60,60,20,2000,North Wing,16449,24,https://raw.githubusercontent.com/ShaunWuRamboll/261002_DESIGN-EXPLORER-TOKIO-MARINE/main/ColumnDensityOption0_ColumnThickness%5Bcm%5D60_BeamDepth%5Bcm%5D60_FloorplateThickness%5Bcm%5D20_CoreEccentricity%5Bmm%5D2000_CoreOrientationNorthWing_Perspective.png
1,60,60,20,2000,North Wing,15884,23,https://raw.githubusercontent.com/ShaunWuRamboll/261002_DESIGN-EXPLORER-TOKIO-MARINE/main/ColumnDensityOption1_ColumnThickness%5Bcm%5D60_BeamDepth%5Bcm%5D60_FloorplateThickness%5Bcm%5D20_CoreEccentricity%5Bmm%5D2000_CoreOrientationNorthWing_Perspective.png
2,60,60,20,2000,North Wing,15061,20,https://raw.githubusercontent.com/ShaunWuRamboll/261002_DESIGN-EXPLORER-TOKIO-MARINE/main/ColumnDensityOption2_ColumnThickness%5Bcm%5D60_BeamDepth%5Bcm%5D60_FloorplateThickness%5Bcm%5D20_CoreEccentricity%5Bmm%5D2000_CoreOrientationNorthWing_Perspective.png
3,60,60,20,2000,North Wing,14537,23,https://raw.githubusercontent.com/ShaunWuRamboll/261002_DESIGN-EXPLORER-TOKIO-MARINE/main/ColumnDensityOption3_ColumnThickness%5Bcm%5D60_BeamDepth%5Bcm%5D60_FloorplateThickness%5Bcm%5D20_CoreEccentricity%5Bmm%5D2000_CoreOrientationNorthWing_Perspective.png
0,80,60,20,2000,North Wing,18938,17,https://raw.githubusercontent.com/ShaunWuRamboll/261002_DESIGN-EXPLORER-TOKIO-MARINE/main/ColumnDensityOption0_ColumnThickness%5Bcm%5D80_BeamDepth%5Bcm%5D60_FloorplateThickness%5Bcm%5D20_CoreEccentricity%5Bmm%5D2000_CoreOrientationNorthWing_Perspective.png
1,80,60,20,2000,North Wing,18105,17,https://raw.githubusercontent.com/ShaunWuRamboll/261002_DESIGN-EXPLORER-TOKIO-MARINE/main/ColumnDensityOption1_ColumnThickness%5Bcm%5D80_BeamDepth%5Bcm%5D60_FloorplateThickness%5Bcm%5D20_CoreEccentricity%5Bmm%5D2000_CoreOrientationNorthWing_Perspective.png
2,80,60,20,2000,North Wing,17011,17,https://raw.githubusercontent.com/ShaunWuRamboll/261002_DESIGN-EXPLORER-TOKIO-MARINE/main/ColumnDensityOption2_ColumnThickness%5Bcm%5D80_BeamDepth%5Bcm%5D60_FloorplateThickness%5Bcm%5D20_CoreEccentricity%5Bmm%5D2000_CoreOrientationNorthWing_Perspective.png
3,80,60,20,2000,North Wing,16217,20,https://raw.githubusercontent.com/ShaunWuRamboll/261002_DESIGN-EXPLORER-TOKIO-MARINE/main/ColumnDensityOption3_ColumnThickness%5Bcm%5D80_BeamDepth%5Bcm%5D60_FloorplateThickness%5Bcm%5D20_CoreEccentricity%5Bmm%5D2000_CoreOrientationNorthWing_Perspective.png
0,40,80,20,2000,North Wing,15076,68,https://raw.githubusercontent.com/ShaunWuRamboll/261002_DESIGN-EXPLORER-TOKIO-MARINE/main/ColumnDensityOption0_ColumnThickness%5Bcm%5D40_BeamDepth%5Bcm%5D80_FloorplateThickness%5Bcm%5D20_CoreEccentricity%5Bmm%5D2000_CoreOrientationNorthWing_Perspective.png
1,40,80,20,2000,North Wing,14665,60,https://raw.githubusercontent.com/ShaunWuRamboll/261002_DESIGN-EXPLORER-TOKIO-MARINE/main/ColumnDensityOption1_ColumnThickness%5Bcm%5D40_BeamDepth%5Bcm%5D80_FloorplateThickness%5Bcm%5D20_CoreEccentricity%5Bmm%5D2000_CoreOrientationNorthWing_Perspective.png
2,40,80,20,2000,North Wing,13994,46,https://raw.githubusercontent.com/ShaunWuRamboll/261002_DESIGN-EXPLORER-TOKIO-MARINE/main/ColumnDensityOption2_ColumnThickness%5Bcm%5D40_BeamDepth%5Bcm%5D80_FloorplateThickness%5Bcm%5D20_CoreEccentricity%5Bmm%5D2000_CoreOrientationNorthWing_Perspective.png
3,40,80,20,2000,North Wing,13622,38,https://raw.githubusercontent.com/ShaunWuRamboll/261002_DESIGN-EXPLORER-TOKIO-MARINE/main/ColumnDensityOption3_ColumnThickness%5Bcm%5D40_BeamDepth%5Bcm%5D80_FloorplateThickness%5Bcm%5D20_CoreEccentricity%5Bmm%5D2000_CoreOrientationNorthWing_Perspective.png
0,60,80,20,2000,North Wing,16855,22,https://raw.githubusercontent.com/ShaunWuRamboll/261002_DESIGN-EXPLORER-TOKIO-MARINE/main/ColumnDensityOption0_ColumnThickness%5Bcm%5D60_BeamDepth%5Bcm%5D80_FloorplateThickness%5Bcm%5D20_CoreEccentricity%5Bmm%5D2000_CoreOrientationNorthWing_Perspective.png
1,60,80,20,2000,North Wing,16251,20,https://raw.githubusercontent.com/ShaunWuRamboll/261002_DESIGN-EXPLORER-TOKIO-MARINE/main/ColumnDensityOption1_ColumnThickness%5Bcm%5D60_BeamDepth%5Bcm%5D80_FloorplateThickness%5Bcm%5D20_CoreEccentricity%5Bmm%5D2000_CoreOrientationNorthWing_Perspective.png
2,60,80,20,2000,North Wing,15386,17,https://raw.githubusercontent.com/ShaunWuRamboll/261002_DESIGN-EXPLORER-TOKIO-MARINE/main/ColumnDensityOption2_ColumnThickness%5Bcm%5D60_BeamDepth%5Bcm%5D80_FloorplateThickness%5Bcm%5D20_CoreEccentricity%5Bmm%5D2000_CoreOrientationNorthWing_Perspective.png
3,60,80,20,2000,North Wing,14823,17,https://raw.githubusercontent.com/ShaunWuRamboll/261002_DESIGN-EXPLORER-TOKIO-MARINE/main/ColumnDensityOption3_ColumnThickness%5Bcm%5D60_BeamDepth%5Bcm%5D80_FloorplateThickness%5Bcm%5D20_CoreEccentricity%5Bmm%5D2000_CoreOrientationNorthWing_Perspective.png
0,80,80,20,2000,North Wing,19344,13,https://raw.githubusercontent.com/ShaunWuRamboll/261002_DESIGN-EXPLORER-TOKIO-MARINE/main/ColumnDensityOption0_ColumnThickness%5Bcm%5D80_BeamDepth%5Bcm%5D80_FloorplateThickness%5Bcm%5D20_CoreEccentricity%5Bmm%5D2000_CoreOrientationNorthWing_Perspective.png
1,80,80,20,2000,North Wing,18471,13,https://raw.githubusercontent.com/ShaunWuRamboll/261002_DESIGN-EXPLORER-TOKIO-MARINE/main/ColumnDensityOption1_ColumnThickness%5Bcm%5D80_BeamDepth%5Bcm%5D80_FloorplateThickness%5Bcm%5D20_CoreEccentricity%5Bmm%5D2000_CoreOrientationNorthWing_Perspective.png
2,80,80,20,2000,North Wing,17336,12,https://raw.githubusercontent.com/ShaunWuRamboll/261002_DESIGN-EXPLORER-TOKIO-MARINE/main/ColumnDensityOption2_ColumnThickness%5Bcm%5D80_BeamDepth%5Bcm%5D80_FloorplateThickness%5Bcm%5D20_CoreEccentricity%5Bmm%5D2000_CoreOrientationNorthWing_Perspective.png
3,80,80,20,2000,North Wing,16503,14,https://raw.githubusercontent.com/ShaunWuRamboll/261002_DESIGN-EXPLORER-TOKIO-MARINE/main/ColumnDensityOption3_ColumnThickness%5Bcm%5D80_BeamDepth%5Bcm%5D80_FloorplateThickness%5Bcm%5D20_CoreEccentricity%5Bmm%5D2000_CoreOrientationNorthWing_Perspective.png
0,40,20,40,2000,North Wing,22743,94,https://raw.githubusercontent.com/ShaunWuRamboll/261002_DESIGN-EXPLORER-TOKIO-MARINE/main/ColumnDensityOption0_ColumnThickness%5Bcm%5D40_BeamDepth%5Bcm%5D20_FloorplateThickness%5Bcm%5D40_CoreEccentricity%5Bmm%5D2000_CoreOrientationNorthWing_Perspective.png
1,40,20,40,2000,North Wing,22424,80,https://raw.githubusercontent.com/ShaunWuRamboll/261002_DESIGN-EXPLORER-TOKIO-MARINE/main/ColumnDensityOption1_ColumnThickness%5Bcm%5D40_BeamDepth%5Bcm%5D20_FloorplateThickness%5Bcm%5D40_CoreEccentricity%5Bmm%5D2000_CoreOrientationNorthWing_Perspective.png
2,40,20,40,2000,North Wing,21599,66,https://raw.githubusercontent.com/ShaunWuRamboll/261002_DESIGN-EXPLORER-TOKIO-MARINE/main/ColumnDensityOption2_ColumnThickness%5Bcm%5D40_BeamDepth%5Bcm%5D20_FloorplateThickness%5Bcm%5D40_CoreEccentricity%5Bmm%5D2000_CoreOrientationNorthWing_Perspective.png
3,40,20,40,2000,North Wing,21359,58,https://raw.githubusercontent.com/ShaunWuRamboll/261002_DESIGN-EXPLORER-TOKIO-MARINE/main/ColumnDensityOption3_ColumnThickness%5Bcm%5D40_BeamDepth%5Bcm%5D20_FloorplateThickness%5Bcm%5D40_CoreEccentricity%5Bmm%5D2000_CoreOrientationNorthWing_Perspective.png
0,60,20,40,2000,North Wing,24521,30,https://raw.githubusercontent.com/ShaunWuRamboll/261002_DESIGN-EXPLORER-TOKIO-MARINE/main/ColumnDensityOption0_ColumnThickness%5Bcm%5D60_BeamDepth%5Bcm%5D20_FloorplateThickness%5Bcm%5D40_CoreEccentricity%5Bmm%5D2000_CoreOrientationNorthWing_Perspective.png
1,60,20,40,2000,North Wing,24010,24,https://raw.githubusercontent.com/ShaunWuRamboll/261002_DESIGN-EXPLORER-TOKIO-MARINE/main/ColumnDensityOption1_ColumnThickness%5Bcm%5D60_BeamDepth%5Bcm%5D20_FloorplateThickness%5Bcm%5D40_CoreEccentricity%5Bmm%5D2000_CoreOrientationNorthWing_Perspective.png
2,60,20,40,2000,North Wing,22992,21,https://raw.githubusercontent.com/ShaunWuRamboll/261002_DESIGN-EXPLORER-TOKIO-MARINE/main/ColumnDensityOption2_ColumnThickness%5Bcm%5D60_BeamDepth%5Bcm%5D20_FloorplateThickness%5Bcm%5D40_CoreEccentricity%5Bmm%5D2000_CoreOrientationNorthWing_Perspective.png
3,60,20,40,2000,North Wing,22559,20,https://raw.githubusercontent.com/ShaunWuRamboll/261002_DESIGN-EXPLORER-TOKIO-MARINE/main/ColumnDensityOption3_ColumnThickness%5Bcm%5D60_BeamDepth%5Bcm%5D20_FloorplateThickness%5Bcm%5D40_CoreEccentricity%5Bmm%5D2000_CoreOrientationNorthWing_Perspective.png
0,80,20,40,2000,North Wing,27011,16,https://raw.githubusercontent.com/ShaunWuRamboll/261002_DESIGN-EXPLORER-TOKIO-MARINE/main/ColumnDensityOption0_ColumnThickness%5Bcm%5D80_BeamDepth%5Bcm%5D20_FloorplateThickness%5Bcm%5D40_CoreEccentricity%5Bmm%5D2000_CoreOrientationNorthWing_Perspective.png
1,80,20,40,2000,North Wing,26230,14,https://raw.githubusercontent.com/ShaunWuRamboll/261002_DESIGN-EXPLORER-TOKIO-MARINE/main/ColumnDensityOption1_ColumnThickness%5Bcm%5D80_BeamDepth%5Bcm%5D20_FloorplateThickness%5Bcm%5D40_CoreEccentricity%5Bmm%5D2000_CoreOrientationNorthWing_Perspective.png
2,80,20,40,2000,North Wing,24942,14,https://raw.githubusercontent.com/ShaunWuRamboll/261002_DESIGN-EXPLORER-TOKIO-MARINE/main/ColumnDensityOption2_ColumnThickness%5Bcm%5D80_BeamDepth%5Bcm%5D20_FloorplateThickness%5Bcm%5D40_CoreEccentricity%5Bmm%5D2000_CoreOrientationNorthWing_Perspective.png
3,80,20,40,2000,North Wing,24239,14,https://raw.githubusercontent.com/ShaunWuRamboll/261002_DESIGN-EXPLORER-TOKIO-MARINE/main/ColumnDensityOption3_ColumnThickness%5Bcm%5D80_BeamDepth%5Bcm%5D20_FloorplateThickness%5Bcm%5D40_CoreEccentricity%5Bmm%5D2000_CoreOrientationNorthWing_Perspective.png
0,40,40,40,2000,North Wing,23149,95,https://raw.githubusercontent.com/ShaunWuRamboll/261002_DESIGN-EXPLORER-TOKIO-MARINE/main/ColumnDensityOption0_ColumnThickness%5Bcm%5D40_BeamDepth%5Bcm%5D40_FloorplateThickness%5Bcm%5D40_CoreEccentricity%5Bmm%5D2000_CoreOrientationNorthWing_Perspective.png
1,40,40,40,2000,North Wing,22790,82,https://raw.githubusercontent.com/ShaunWuRamboll/261002_DESIGN-EXPLORER-TOKIO-MARINE/main/ColumnDensityOption1_ColumnThickness%5Bcm%5D40_BeamDepth%5Bcm%5D40_FloorplateThickness%5Bcm%5D40_CoreEccentricity%5Bmm%5D2000_CoreOrientationNorthWing_Perspective.png
2,40,40,40,2000,North Wing,21924,67,https://raw.githubusercontent.com/ShaunWuRamboll/261002_DESIGN-EXPLORER-TOKIO-MARINE/main/ColumnDensityOption2_ColumnThickness%5Bcm%5D40_BeamDepth%5Bcm%5D40_FloorplateThickness%5Bcm%5D40_CoreEccentricity%5Bmm%5D2000_CoreOrientationNorthWing_Perspective.png
3,40,40,40,2000,North Wing,21645,58,https://raw.githubusercontent.com/ShaunWuRamboll/261002_DESIGN-EXPLORER-TOKIO-MARINE/main/ColumnDensityOption3_ColumnThickness%5Bcm%5D40_BeamDepth%5Bcm%5D40_FloorplateThickness%5Bcm%5D40_CoreEccentricity%5Bmm%5D2000_CoreOrientationNorthWing_Perspective.png
0,60,40,40,2000,North Wing,24927,30,https://raw.githubusercontent.com/ShaunWuRamboll/261002_DESIGN-EXPLORER-TOKIO-MARINE/main/ColumnDensityOption0_ColumnThickness%5Bcm%5D60_BeamDepth%5Bcm%5D40_FloorplateThickness%5Bcm%5D40_CoreEccentricity%5Bmm%5D2000_CoreOrientationNorthWing_Perspective.png
1,60,40,40,2000,North Wing,24376,25,https://raw.githubusercontent.com/ShaunWuRamboll/261002_DESIGN-EXPLORER-TOKIO-MARINE/main/ColumnDensityOption1_ColumnThickness%5Bcm%5D60_BeamDepth%5Bcm%5D40_FloorplateThickness%5Bcm%5D40_CoreEccentricity%5Bmm%5D2000_CoreOrientationNorthWing_Perspective.png
2,60,40,40,2000,North Wing,23317,21,https://raw.githubusercontent.com/ShaunWuRamboll/261002_DESIGN-EXPLORER-TOKIO-MARINE/main/ColumnDensityOption2_ColumnThickness%5Bcm%5D60_BeamDepth%5Bcm%5D40_FloorplateThickness%5Bcm%5D40_CoreEccentricity%5Bmm%5D2000_CoreOrientationNorthWing_Perspective.png
3,60,40,40,2000,North Wing,22845,19,https://raw.githubusercontent.com/ShaunWuRamboll/261002_DESIGN-EXPLORER-TOKIO-MARINE/main/ColumnDensityOption3_ColumnThickness%5Bcm%5D60_BeamDepth%5Bcm%5D40_FloorplateThickness%5Bcm%5D40_CoreEccentricity%5Bmm%5D2000_CoreOrientationNorthWing_Perspective.png
0,80,40,40,2000,North Wing,27417,16,https://raw.githubusercontent.com/ShaunWuRamboll/261002_DESIGN-EXPLORER-TOKIO-MARINE/main/ColumnDensityOption0_ColumnThickness%5Bcm%5D80_BeamDepth%5Bcm%5D40_FloorplateThickness%5Bcm%5D40_CoreEccentricity%5Bmm%5D2000_CoreOrientationNorthWing_Perspective.png
1,80,40,40,2000,North Wing,26596,14,https://raw.githubusercontent.com/ShaunWuRamboll/261002_DESIGN-EXPLORER-TOKIO-MARINE/main/ColumnDensityOption1_ColumnThickness%5Bcm%5D80_BeamDepth%5Bcm%5D40_FloorplateThickness%5Bcm%5D40_CoreEccentricity%5Bmm%5D2000_CoreOrientationNorthWing_Perspective.png
2,80,40,40,2000,North Wing,25267,13,https://raw.githubusercontent.com/ShaunWuRamboll/261002_DESIGN-EXPLORER-TOKIO-MARINE/main/ColumnDensityOption2_ColumnThickness%5Bcm%5D80_BeamDepth%5Bcm%5D40_FloorplateThickness%5Bcm%5D40_CoreEccentricity%5Bmm%5D2000_CoreOrientationNorthWing_Perspective.png
3,80,40,40,2000,North Wing,24525,14,https://raw.githubusercontent.com/ShaunWuRamboll/261002_DESIGN-EXPLORER-TOKIO-MARINE/main/ColumnDensityOption3_ColumnThickness%5Bcm%5D80_BeamDepth%5Bcm%5D40_FloorplateThickness%5Bcm%5D40_CoreEccentricity%5Bmm%5D2000_CoreOrientationNorthWing_Perspective.png
0,40,60,40,2000,North Wing,23555,96,https://raw.githubusercontent.com/ShaunWuRamboll/261002_DESIGN-EXPLORER-TOKIO-MARINE/main/ColumnDensityOption0_ColumnThickness%5Bcm%5D40_BeamDepth%5Bcm%5D60_FloorplateThickness%5Bcm%5D40_CoreEccentricity%5Bmm%5D2000_CoreOrientationNorthWing_Perspective.png
1,40,60,40,2000,North Wing,23157,83,https://raw.githubusercontent.com/ShaunWuRamboll/261002_DESIGN-EXPLORER-TOKIO-MARINE/main/ColumnDensityOption1_ColumnThickness%5Bcm%5D40_BeamDepth%5Bcm%5D60_FloorplateThickness%5Bcm%5D40_CoreEccentricity%5Bmm%5D2000_CoreOrientationNorthWing_Perspective.png
2,40,60,40,2000,North Wing,22249,68,https://raw.githubusercontent.com/ShaunWuRamboll/261002_DESIGN-EXPLORER-TOKIO-MARINE/main/ColumnDensityOption2_ColumnThickness%5Bcm%5D40_BeamDepth%5Bcm%5D60_FloorplateThickness%5Bcm%5D40_CoreEccentricity%5Bmm%5D2000_CoreOrientationNorthWing_Perspective.png
3,40,60,40,2000,North Wing,21930,59,https://raw.githubusercontent.com/ShaunWuRamboll/261002_DESIGN-EXPLORER-TOKIO-MARINE/main/ColumnDensityOption3_ColumnThickness%5Bcm%5D40_BeamDepth%5Bcm%5D60_FloorplateThickness%5Bcm%5D40_CoreEccentricity%5Bmm%5D2000_CoreOrientationNorthWing_Perspective.png
0,60,60,40,2000,North Wing,25333,31,https://raw.githubusercontent.com/ShaunWuRamboll/261002_DESIGN-EXPLORER-TOKIO-MARINE/main/ColumnDensityOption0_ColumnThickness%5Bcm%5D60_BeamDepth%5Bcm%5D60_FloorplateThickness%5Bcm%5D40_CoreEccentricity%5Bmm%5D2000_CoreOrientationNorthWing_Perspective.png
1,60,60,40,2000,North Wing,24742,26,https://raw.githubusercontent.com/ShaunWuRamboll/261002_DESIGN-EXPLORER-TOKIO-MARINE/main/ColumnDensityOption1_ColumnThickness%5Bcm%5D60_BeamDepth%5Bcm%5D60_FloorplateThickness%5Bcm%5D40_CoreEccentricity%5Bmm%5D2000_CoreOrientationNorthWing_Perspective.png
2,60,60,40,2000,North Wing,23642,21,https://raw.githubusercontent.com/ShaunWuRamboll/261002_DESIGN-EXPLORER-TOKIO-MARINE/main/ColumnDensityOption2_ColumnThickness%5Bcm%5D60_BeamDepth%5Bcm%5D60_FloorplateThickness%5Bcm%5D40_CoreEccentricity%5Bmm%5D2000_CoreOrientationNorthWing_Perspective.png
3,60,60,40,2000,North Wing,23131,19,https://raw.githubusercontent.com/ShaunWuRamboll/261002_DESIGN-EXPLORER-TOKIO-MARINE/main/ColumnDensityOption3_ColumnThickness%5Bcm%5D60_BeamDepth%5Bcm%5D60_FloorplateThickness%5Bcm%5D40_CoreEccentricity%5Bmm%5D2000_CoreOrientationNorthWing_Perspective.png
0,80,60,40,2000,North Wing,27823,15,https://raw.githubusercontent.com/ShaunWuRamboll/261002_DESIGN-EXPLORER-TOKIO-MARINE/main/ColumnDensityOption0_ColumnThickness%5Bcm%5D80_BeamDepth%5Bcm%5D60_FloorplateThickness%5Bcm%5D40_CoreEccentricity%5Bmm%5D2000_CoreOrientationNorthWing_Perspective.png
1,80,60,40,2000,North Wing,26963,14,https://raw.githubusercontent.com/ShaunWuRamboll/261002_DESIGN-EXPLORER-TOKIO-MARINE/main/ColumnDensityOption1_ColumnThickness%5Bcm%5D80_BeamDepth%5Bcm%5D60_FloorplateThickness%5Bcm%5D40_CoreEccentricity%5Bmm%5D2000_CoreOrientationNorthWing_Perspective.png
2,80,60,40,2000,North Wing,25592,12,https://raw.githubusercontent.com/ShaunWuRamboll/261002_DESIGN-EXPLORER-TOKIO-MARINE/main/ColumnDensityOption2_ColumnThickness%5Bcm%5D80_BeamDepth%5Bcm%5D60_FloorplateThickness%5Bcm%5D40_CoreEccentricity%5Bmm%5D2000_CoreOrientationNorthWing_Perspective.png
3,80,60,40,2000,North Wing,24811,12,https://raw.githubusercontent.com/ShaunWuRamboll/261002_DESIGN-EXPLORER-TOKIO-MARINE/main/ColumnDensityOption3_ColumnThickness%5Bcm%5D80_BeamDepth%5Bcm%5D60_FloorplateThickness%5Bcm%5D40_CoreEccentricity%5Bmm%5D2000_CoreOrientationNorthWing_Perspective.png
0,40,80,40,2000,North Wing,23961,97,https://raw.githubusercontent.com/ShaunWuRamboll/261002_DESIGN-EXPLORER-TOKIO-MARINE/main/ColumnDensityOption0_ColumnThickness%5Bcm%5D40_BeamDepth%5Bcm%5D80_FloorplateThickness%5Bcm%5D40_CoreEccentricity%5Bmm%5D2000_CoreOrientationNorthWing_Perspective.png
1,40,80,40,2000,North Wing,23523,84,https://raw.githubusercontent.com/ShaunWuRamboll/261002_DESIGN-EXPLORER-TOKIO-MARINE/main/ColumnDensityOption1_ColumnThickness%5Bcm%5D40_BeamDepth%5Bcm%5D80_FloorplateThickness%5Bcm%5D40_CoreEccentricity%5Bmm%5D2000_CoreOrientationNorthWing_Perspective.png
2,40,80,40,2000,North Wing,22575,68,https://raw.githubusercontent.com/ShaunWuRamboll/261002_DESIGN-EXPLORER-TOKIO-MARINE/main/ColumnDensityOption2_ColumnThickness%5Bcm%5D40_BeamDepth%5Bcm%5D80_FloorplateThickness%5Bcm%5D40_CoreEccentricity%5Bmm%5D2000_CoreOrientationNorthWing_Perspective.png
3,40,80,40,2000,North Wing,22216,59,https://raw.githubusercontent.com/ShaunWuRamboll/261002_DESIGN-EXPLORER-TOKIO-MARINE/main/ColumnDensityOption3_ColumnThickness%5Bcm%5D40_BeamDepth%5Bcm%5D80_FloorplateThickness%5Bcm%5D40_CoreEccentricity%5Bmm%5D2000_CoreOrientationNorthWing_Perspective.png
0,60,80,40,2000,North Wing,25739,31,https://raw.githubusercontent.com/ShaunWuRamboll/261002_DESIGN-EXPLORER-TOKIO-MARINE/main/ColumnDensityOption0_ColumnThickness%5Bcm%5D60_BeamDepth%5Bcm%5D80_FloorplateThickness%5Bcm%5D40_CoreEccentricity%5Bmm%5D2000_CoreOrientationNorthWing_Perspective.png
1,60,80,40,2000,North Wing,25109,27,https://raw.githubusercontent.com/ShaunWuRamboll/261002_DESIGN-EXPLORER-TOKIO-MARINE/main/ColumnDensityOption1_ColumnThickness%5Bcm%5D60_BeamDepth%5Bcm%5D80_FloorplateThickness%5Bcm%5D40_CoreEccentricity%5Bmm%5D2000_CoreOrientationNorthWing_Perspective.png
2,60,80,40,2000,North Wing,23967,21,https://raw.githubusercontent.com/ShaunWuRamboll/261002_DESIGN-EXPLORER-TOKIO-MARINE/main/ColumnDensityOption2_ColumnThickness%5Bcm%5D60_BeamDepth%5Bcm%5D80_FloorplateThickness%5Bcm%5D40_CoreEccentricity%5Bmm%5D2000_CoreOrientationNorthWing_Perspective.png
3,60,80,40,2000,North Wing,23416,18,https://raw.githubusercontent.com/ShaunWuRamboll/261002_DESIGN-EXPLORER-TOKIO-MARINE/main/ColumnDensityOption3_ColumnThickness%5Bcm%5D60_BeamDepth%5Bcm%5D80_FloorplateThickness%5Bcm%5D40_CoreEccentricity%5Bmm%5D2000_CoreOrientationNorthWing_Perspective.png
0,80,80,40,2000,North Wing,28229,15,https://raw.githubusercontent.com/ShaunWuRamboll/261002_DESIGN-EXPLORER-TOKIO-MARINE/main/ColumnDensityOption0_ColumnThickness%5Bcm%5D80_BeamDepth%5Bcm%5D80_FloorplateThickness%5Bcm%5D40_CoreEccentricity%5Bmm%5D2000_CoreOrientationNorthWing_Perspective.png
1,80,80,40,2000,North Wing,27329,13,https://raw.githubusercontent.com/ShaunWuRamboll/261002_DESIGN-EXPLORER-TOKIO-MARINE/main/ColumnDensityOption1_ColumnThickness%5Bcm%5D80_BeamDepth%5Bcm%5D80_FloorplateThickness%5Bcm%5D40_CoreEccentricity%5Bmm%5D2000_CoreOrientationNorthWing_Perspective.png
2,80,80,40,2000,North Wing,25917,11,https://raw.githubusercontent.com/ShaunWuRamboll/261002_DESIGN-EXPLORER-TOKIO-MARINE/main/ColumnDensityOption2_ColumnThickness%5Bcm%5D80_BeamDepth%5Bcm%5D80_FloorplateThickness%5Bcm%5D40_CoreEccentricity%5Bmm%5D2000_CoreOrientationNorthWing_Perspective.png
3,80,80,40,2000,North Wing,25097,11,https://raw.githubusercontent.com/ShaunWuRamboll/261002_DESIGN-EXPLORER-TOKIO-MARINE/main/ColumnDensityOption3_ColumnThickness%5Bcm%5D80_BeamDepth%5Bcm%5D80_FloorplateThickness%5Bcm%5D40_CoreEccentricity%5Bmm%5D2000_CoreOrientationNorthWing_Perspective.png
0,40,20,20,4000,North Wing,13865,82,https://raw.githubusercontent.com/ShaunWuRamboll/261002_DESIGN-EXPLORER-TOKIO-MARINE/main/ColumnDensityOption0_ColumnThickness%5Bcm%5D40_BeamDepth%5Bcm%5D20_FloorplateThickness%5Bcm%5D20_CoreEccentricity%5Bmm%5D4000_CoreOrientationNorthWing_Perspective.png
1,40,20,20,4000,North Wing,13572,73,https://raw.githubusercontent.com/ShaunWuRamboll/261002_DESIGN-EXPLORER-TOKIO-MARINE/main/ColumnDensityOption1_ColumnThickness%5Bcm%5D40_BeamDepth%5Bcm%5D20_FloorplateThickness%5Bcm%5D20_CoreEccentricity%5Bmm%5D4000_CoreOrientationNorthWing_Perspective.png
2,40,20,20,4000,North Wing,13025,67,https://raw.githubusercontent.com/ShaunWuRamboll/261002_DESIGN-EXPLORER-TOKIO-MARINE/main/ColumnDensityOption2_ColumnThickness%5Bcm%5D40_BeamDepth%5Bcm%5D20_FloorplateThickness%5Bcm%5D20_CoreEccentricity%5Bmm%5D4000_CoreOrientationNorthWing_Perspective.png
3,40,20,20,4000,North Wing,12772,65,https://raw.githubusercontent.com/ShaunWuRamboll/261002_DESIGN-EXPLORER-TOKIO-MARINE/main/ColumnDensityOption3_ColumnThickness%5Bcm%5D40_BeamDepth%5Bcm%5D20_FloorplateThickness%5Bcm%5D20_CoreEccentricity%5Bmm%5D4000_CoreOrientationNorthWing_Perspective.png
0,60,20,20,4000,North Wing,15643,42,https://raw.githubusercontent.com/ShaunWuRamboll/261002_DESIGN-EXPLORER-TOKIO-MARINE/main/ColumnDensityOption0_ColumnThickness%5Bcm%5D60_BeamDepth%5Bcm%5D20_FloorplateThickness%5Bcm%5D20_CoreEccentricity%5Bmm%5D4000_CoreOrientationNorthWing_Perspective.png
1,60,20,20,4000,North Wing,15158,44,https://raw.githubusercontent.com/ShaunWuRamboll/261002_DESIGN-EXPLORER-TOKIO-MARINE/main/ColumnDensityOption1_ColumnThickness%5Bcm%5D60_BeamDepth%5Bcm%5D20_FloorplateThickness%5Bcm%5D20_CoreEccentricity%5Bmm%5D4000_CoreOrientationNorthWing_Perspective.png
2,60,20,20,4000,North Wing,14418,44,https://raw.githubusercontent.com/ShaunWuRamboll/261002_DESIGN-EXPLORER-TOKIO-MARINE/main/ColumnDensityOption2_ColumnThickness%5Bcm%5D60_BeamDepth%5Bcm%5D20_FloorplateThickness%5Bcm%5D20_CoreEccentricity%5Bmm%5D4000_CoreOrientationNorthWing_Perspective.png
3,60,20,20,4000,North Wing,13972,47,https://raw.githubusercontent.com/ShaunWuRamboll/261002_DESIGN-EXPLORER-TOKIO-MARINE/main/ColumnDensityOption3_ColumnThickness%5Bcm%5D60_BeamDepth%5Bcm%5D20_FloorplateThickness%5Bcm%5D20_CoreEccentricity%5Bmm%5D4000_CoreOrientationNorthWing_Perspective.png
0,80,20,20,4000,North Wing,18133,38,https://raw.githubusercontent.com/ShaunWuRamboll/261002_DESIGN-EXPLORER-TOKIO-MARINE/main/ColumnDensityOption0_ColumnThickness%5Bcm%5D80_BeamDepth%5Bcm%5D20_FloorplateThickness%5Bcm%5D20_CoreEccentricity%5Bmm%5D4000_CoreOrientationNorthWing_Perspective.png
1,80,20,20,4000,North Wing,17379,42,https://raw.githubusercontent.com/ShaunWuRamboll/261002_DESIGN-EXPLORER-TOKIO-MARINE/main/ColumnDensityOption1_ColumnThickness%5Bcm%5D80_BeamDepth%5Bcm%5D20_FloorplateThickness%5Bcm%5D20_CoreEccentricity%5Bmm%5D4000_CoreOrientationNorthWing_Perspective.png
2,80,20,20,4000,North Wing,16367,41,https://raw.githubusercontent.com/ShaunWuRamboll/261002_DESIGN-EXPLORER-TOKIO-MARINE/main/ColumnDensityOption2_ColumnThickness%5Bcm%5D80_BeamDepth%5Bcm%5D20_FloorplateThickness%5Bcm%5D20_CoreEccentricity%5Bmm%5D4000_CoreOrientationNorthWing_Perspective.png
3,80,20,20,4000,North Wing,15652,48,https://raw.githubusercontent.com/ShaunWuRamboll/261002_DESIGN-EXPLORER-TOKIO-MARINE/main/ColumnDensityOption3_ColumnThickness%5Bcm%5D80_BeamDepth%5Bcm%5D20_FloorplateThickness%5Bcm%5D20_CoreEccentricity%5Bmm%5D4000_CoreOrientationNorthWing_Perspective.png
0,40,40,20,4000,North Wing,14271,82,https://raw.githubusercontent.com/ShaunWuRamboll/261002_DESIGN-EXPLORER-TOKIO-MARINE/main/ColumnDensityOption0_ColumnThickness%5Bcm%5D40_BeamDepth%5Bcm%5D40_FloorplateThickness%5Bcm%5D20_CoreEccentricity%5Bmm%5D4000_CoreOrientationNorthWing_Perspective.png
1,40,40,20,4000,North Wing,13939,72,https://raw.githubusercontent.com/ShaunWuRamboll/261002_DESIGN-EXPLORER-TOKIO-MARINE/main/ColumnDensityOption1_ColumnThickness%5Bcm%5D40_BeamDepth%5Bcm%5D40_FloorplateThickness%5Bcm%5D20_CoreEccentricity%5Bmm%5D4000_CoreOrientationNorthWing_Perspective.png
2,40,40,20,4000,North Wing,13350,62,https://raw.githubusercontent.com/ShaunWuRamboll/261002_DESIGN-EXPLORER-TOKIO-MARINE/main/ColumnDensityOption2_ColumnThickness%5Bcm%5D40_BeamDepth%5Bcm%5D40_FloorplateThickness%5Bcm%5D20_CoreEccentricity%5Bmm%5D4000_CoreOrientationNorthWing_Perspective.png
3,40,40,20,4000,North Wing,13058,59,https://raw.githubusercontent.com/ShaunWuRamboll/261002_DESIGN-EXPLORER-TOKIO-MARINE/main/ColumnDensityOption3_ColumnThickness%5Bcm%5D40_BeamDepth%5Bcm%5D40_FloorplateThickness%5Bcm%5D20_CoreEccentricity%5Bmm%5D4000_CoreOrientationNorthWing_Perspective.png
0,60,40,20,4000,North Wing,16049,34,https://raw.githubusercontent.com/ShaunWuRamboll/261002_DESIGN-EXPLORER-TOKIO-MARINE/main/ColumnDensityOption0_ColumnThickness%5Bcm%5D60_BeamDepth%5Bcm%5D40_FloorplateThickness%5Bcm%5D20_CoreEccentricity%5Bmm%5D4000_CoreOrientationNorthWing_Perspective.png
1,60,40,20,4000,North Wing,15525,33,https://raw.githubusercontent.com/ShaunWuRamboll/261002_DESIGN-EXPLORER-TOKIO-MARINE/main/ColumnDensityOption1_ColumnThickness%5Bcm%5D60_BeamDepth%5Bcm%5D40_FloorplateThickness%5Bcm%5D20_CoreEccentricity%5Bmm%5D4000_CoreOrientationNorthWing_Perspective.png
2,60,40,20,4000,North Wing,14743,31,https://raw.githubusercontent.com/ShaunWuRamboll/261002_DESIGN-EXPLORER-TOKIO-MARINE/main/ColumnDensityOption2_ColumnThickness%5Bcm%5D60_BeamDepth%5Bcm%5D40_FloorplateThickness%5Bcm%5D20_CoreEccentricity%5Bmm%5D4000_CoreOrientationNorthWing_Perspective.png
3,60,40,20,4000,North Wing,14258,33,https://raw.githubusercontent.com/ShaunWuRamboll/261002_DESIGN-EXPLORER-TOKIO-MARINE/main/ColumnDensityOption3_ColumnThickness%5Bcm%5D60_BeamDepth%5Bcm%5D40_FloorplateThickness%5Bcm%5D20_CoreEccentricity%5Bmm%5D4000_CoreOrientationNorthWing_Perspective.png
0,80,40,20,4000,North Wing,18539,25,https://raw.githubusercontent.com/ShaunWuRamboll/261002_DESIGN-EXPLORER-TOKIO-MARINE/main/ColumnDensityOption0_ColumnThickness%5Bcm%5D80_BeamDepth%5Bcm%5D40_FloorplateThickness%5Bcm%5D20_CoreEccentricity%5Bmm%5D4000_CoreOrientationNorthWing_Perspective.png
1,80,40,20,4000,North Wing,17745,28,https://raw.githubusercontent.com/ShaunWuRamboll/261002_DESIGN-EXPLORER-TOKIO-MARINE/main/ColumnDensityOption1_ColumnThickness%5Bcm%5D80_BeamDepth%5Bcm%5D40_FloorplateThickness%5Bcm%5D20_CoreEccentricity%5Bmm%5D4000_CoreOrientationNorthWing_Perspective.png
2,80,40,20,4000,North Wing,16693,27,https://raw.githubusercontent.com/ShaunWuRamboll/261002_DESIGN-EXPLORER-TOKIO-MARINE/main/ColumnDensityOption2_ColumnThickness%5Bcm%5D80_BeamDepth%5Bcm%5D40_FloorplateThickness%5Bcm%5D20_CoreEccentricity%5Bmm%5D4000_CoreOrientationNorthWing_Perspective.png
3,80,40,20,4000,North Wing,15938,31,https://raw.githubusercontent.com/ShaunWuRamboll/261002_DESIGN-EXPLORER-TOKIO-MARINE/main/ColumnDensityOption3_ColumnThickness%5Bcm%5D80_BeamDepth%5Bcm%5D40_FloorplateThickness%5Bcm%5D20_CoreEccentricity%5Bmm%5D4000_CoreOrientationNorthWing_Perspective.png
0,40,60,20,4000,North Wing,14677,83,https://raw.githubusercontent.com/ShaunWuRamboll/261002_DESIGN-EXPLORER-TOKIO-MARINE/main/ColumnDensityOption0_ColumnThickness%5Bcm%5D40_BeamDepth%5Bcm%5D60_FloorplateThickness%5Bcm%5D20_CoreEccentricity%5Bmm%5D4000_CoreOrientationNorthWing_Perspective.png
1,40,60,20,4000,North Wing,14305,75,https://raw.githubusercontent.com/ShaunWuRamboll/261002_DESIGN-EXPLORER-TOKIO-MARINE/main/ColumnDensityOption1_ColumnThickness%5Bcm%5D40_BeamDepth%5Bcm%5D60_FloorplateThickness%5Bcm%5D20_CoreEccentricity%5Bmm%5D4000_CoreOrientationNorthWing_Perspective.png
2,40,60,20,4000,North Wing,13675,62,https://raw.githubusercontent.com/ShaunWuRamboll/261002_DESIGN-EXPLORER-TOKIO-MARINE/main/ColumnDensityOption2_ColumnThickness%5Bcm%5D40_BeamDepth%5Bcm%5D60_FloorplateThickness%5Bcm%5D20_CoreEccentricity%5Bmm%5D4000_CoreOrientationNorthWing_Perspective.png
3,40,60,20,4000,North Wing,13344,56,https://raw.githubusercontent.com/ShaunWuRamboll/261002_DESIGN-EXPLORER-TOKIO-MARINE/main/ColumnDensityOption3_ColumnThickness%5Bcm%5D40_BeamDepth%5Bcm%5D60_FloorplateThickness%5Bcm%5D20_CoreEccentricity%5Bmm%5D4000_CoreOrientationNorthWing_Perspective.png
0,60,60,20,4000,North Wing,16455,29,https://raw.githubusercontent.com/ShaunWuRamboll/261002_DESIGN-EXPLORER-TOKIO-MARINE/main/ColumnDensityOption0_ColumnThickness%5Bcm%5D60_BeamDepth%5Bcm%5D60_FloorplateThickness%5Bcm%5D20_CoreEccentricity%5Bmm%5D4000_CoreOrientationNorthWing_Perspective.png
1,60,60,20,4000,North Wing,15891,28,https://raw.githubusercontent.com/ShaunWuRamboll/261002_DESIGN-EXPLORER-TOKIO-MARINE/main/ColumnDensityOption1_ColumnThickness%5Bcm%5D60_BeamDepth%5Bcm%5D60_FloorplateThickness%5Bcm%5D20_CoreEccentricity%5Bmm%5D4000_CoreOrientationNorthWing_Perspective.png
2,60,60,20,4000,North Wing,15068,24,https://raw.githubusercontent.com/ShaunWuRamboll/261002_DESIGN-EXPLORER-TOKIO-MARINE/main/ColumnDensityOption2_ColumnThickness%5Bcm%5D60_BeamDepth%5Bcm%5D60_FloorplateThickness%5Bcm%5D20_CoreEccentricity%5Bmm%5D4000_CoreOrientationNorthWing_Perspective.png
3,60,60,20,4000,North Wing,14544,25,https://raw.githubusercontent.com/ShaunWuRamboll/261002_DESIGN-EXPLORER-TOKIO-MARINE/main/ColumnDensityOption3_ColumnThickness%5Bcm%5D60_BeamDepth%5Bcm%5D60_FloorplateThickness%5Bcm%5D20_CoreEccentricity%5Bmm%5D4000_CoreOrientationNorthWing_Perspective.png
0,80,60,20,4000,North Wing,18945,19,https://raw.githubusercontent.com/ShaunWuRamboll/261002_DESIGN-EXPLORER-TOKIO-MARINE/main/ColumnDensityOption0_ColumnThickness%5Bcm%5D80_BeamDepth%5Bcm%5D60_FloorplateThickness%5Bcm%5D20_CoreEccentricity%5Bmm%5D4000_CoreOrientationNorthWing_Perspective.png
1,80,60,20,4000,North Wing,18111,19,https://raw.githubusercontent.com/ShaunWuRamboll/261002_DESIGN-EXPLORER-TOKIO-MARINE/main/ColumnDensityOption1_ColumnThickness%5Bcm%5D80_BeamDepth%5Bcm%5D60_FloorplateThickness%5Bcm%5D20_CoreEccentricity%5Bmm%5D4000_CoreOrientationNorthWing_Perspective.png
2,80,60,20,4000,North Wing,17018,18,https://raw.githubusercontent.com/ShaunWuRamboll/261002_DESIGN-EXPLORER-TOKIO-MARINE/main/ColumnDensityOption2_ColumnThickness%5Bcm%5D80_BeamDepth%5Bcm%5D60_FloorplateThickness%5Bcm%5D20_CoreEccentricity%5Bmm%5D4000_CoreOrientationNorthWing_Perspective.png
3,80,60,20,4000,North Wing,16224,20,https://raw.githubusercontent.com/ShaunWuRamboll/261002_DESIGN-EXPLORER-TOKIO-MARINE/main/ColumnDensityOption3_ColumnThickness%5Bcm%5D80_BeamDepth%5Bcm%5D60_FloorplateThickness%5Bcm%5D20_CoreEccentricity%5Bmm%5D4000_CoreOrientationNorthWing_Perspective.png
0,40,80,20,4000,North Wing,15083,83,https://raw.githubusercontent.com/ShaunWuRamboll/261002_DESIGN-EXPLORER-TOKIO-MARINE/main/ColumnDensityOption0_ColumnThickness%5Bcm%5D40_BeamDepth%5Bcm%5D80_FloorplateThickness%5Bcm%5D20_CoreEccentricity%5Bmm%5D4000_CoreOrientationNorthWing_Perspective.png
1,40,80,20,4000,North Wing,14672,76,https://raw.githubusercontent.com/ShaunWuRamboll/261002_DESIGN-EXPLORER-TOKIO-MARINE/main/ColumnDensityOption1_ColumnThickness%5Bcm%5D40_BeamDepth%5Bcm%5D80_FloorplateThickness%5Bcm%5D20_CoreEccentricity%5Bmm%5D4000_CoreOrientationNorthWing_Perspective.png
2,40,80,20,4000,North Wing,14000,63,https://raw.githubusercontent.com/ShaunWuRamboll/261002_DESIGN-EXPLORER-TOKIO-MARINE/main/ColumnDensityOption2_ColumnThickness%5Bcm%5D40_BeamDepth%5Bcm%5D80_FloorplateThickness%5Bcm%5D20_CoreEccentricity%5Bmm%5D4000_CoreOrientationNorthWing_Perspective.png
3,40,80,20,4000,North Wing,13629,57,https://raw.githubusercontent.com/ShaunWuRamboll/261002_DESIGN-EXPLORER-TOKIO-MARINE/main/ColumnDensityOption3_ColumnThickness%5Bcm%5D40_BeamDepth%5Bcm%5D80_FloorplateThickness%5Bcm%5D20_CoreEccentricity%5Bmm%5D4000_CoreOrientationNorthWing_Perspective.png
0,60,80,20,4000,North Wing,16861,27,https://raw.githubusercontent.com/ShaunWuRamboll/261002_DESIGN-EXPLORER-TOKIO-MARINE/main/ColumnDensityOption0_ColumnThickness%5Bcm%5D60_BeamDepth%5Bcm%5D80_FloorplateThickness%5Bcm%5D20_CoreEccentricity%5Bmm%5D4000_CoreOrientationNorthWing_Perspective.png
1,60,80,20,4000,North Wing,16258,25,https://raw.githubusercontent.com/ShaunWuRamboll/261002_DESIGN-EXPLORER-TOKIO-MARINE/main/ColumnDensityOption1_ColumnThickness%5Bcm%5D60_BeamDepth%5Bcm%5D80_FloorplateThickness%5Bcm%5D20_CoreEccentricity%5Bmm%5D4000_CoreOrientationNorthWing_Perspective.png
2,60,80,20,4000,North Wing,15393,22,https://raw.githubusercontent.com/ShaunWuRamboll/261002_DESIGN-EXPLORER-TOKIO-MARINE/main/ColumnDensityOption2_ColumnThickness%5Bcm%5D60_BeamDepth%5Bcm%5D80_FloorplateThickness%5Bcm%5D20_CoreEccentricity%5Bmm%5D4000_CoreOrientationNorthWing_Perspective.png
3,60,80,20,4000,North Wing,14829,21,https://raw.githubusercontent.com/ShaunWuRamboll/261002_DESIGN-EXPLORER-TOKIO-MARINE/main/ColumnDensityOption3_ColumnThickness%5Bcm%5D60_BeamDepth%5Bcm%5D80_FloorplateThickness%5Bcm%5D20_CoreEccentricity%5Bmm%5D4000_CoreOrientationNorthWing_Perspective.png
0,80,80,20,4000,North Wing,19351,15,https://raw.githubusercontent.com/ShaunWuRamboll/261002_DESIGN-EXPLORER-TOKIO-MARINE/main/ColumnDensityOption0_ColumnThickness%5Bcm%5D80_BeamDepth%5Bcm%5D80_FloorplateThickness%5Bcm%5D20_CoreEccentricity%5Bmm%5D4000_CoreOrientationNorthWing_Perspective.png
1,80,80,20,4000,North Wing,18478,15,https://raw.githubusercontent.com/ShaunWuRamboll/261002_DESIGN-EXPLORER-TOKIO-MARINE/main/ColumnDensityOption1_ColumnThickness%5Bcm%5D80_BeamDepth%5Bcm%5D80_FloorplateThickness%5Bcm%5D20_CoreEccentricity%5Bmm%5D4000_CoreOrientationNorthWing_Perspective.png
2,80,80,20,4000,North Wing,17343,13,https://raw.githubusercontent.com/ShaunWuRamboll/261002_DESIGN-EXPLORER-TOKIO-MARINE/main/ColumnDensityOption2_ColumnThickness%5Bcm%5D80_BeamDepth%5Bcm%5D80_FloorplateThickness%5Bcm%5D20_CoreEccentricity%5Bmm%5D4000_CoreOrientationNorthWing_Perspective.png
3,80,80,20,4000,North Wing,16510,14,https://raw.githubusercontent.com/ShaunWuRamboll/261002_DESIGN-EXPLORER-TOKIO-MARINE/main/ColumnDensityOption3_ColumnThickness%5Bcm%5D80_BeamDepth%5Bcm%5D80_FloorplateThickness%5Bcm%5D20_CoreEccentricity%5Bmm%5D4000_CoreOrientationNorthWing_Perspective.png
0,40,20,40,4000,North Wing,22750,106,https://raw.githubusercontent.com/ShaunWuRamboll/261002_DESIGN-EXPLORER-TOKIO-MARINE/main/ColumnDensityOption0_ColumnThickness%5Bcm%5D40_BeamDepth%5Bcm%5D20_FloorplateThickness%5Bcm%5D40_CoreEccentricity%5Bmm%5D4000_CoreOrientationNorthWing_Perspective.png
1,40,20,40,4000,North Wing,22431,93,https://raw.githubusercontent.com/ShaunWuRamboll/261002_DESIGN-EXPLORER-TOKIO-MARINE/main/ColumnDensityOption1_ColumnThickness%5Bcm%5D40_BeamDepth%5Bcm%5D20_FloorplateThickness%5Bcm%5D40_CoreEccentricity%5Bmm%5D4000_CoreOrientationNorthWing_Perspective.png
2,40,20,40,4000,North Wing,21606,79,https://raw.githubusercontent.com/ShaunWuRamboll/261002_DESIGN-EXPLORER-TOKIO-MARINE/main/ColumnDensityOption2_ColumnThickness%5Bcm%5D40_BeamDepth%5Bcm%5D20_FloorplateThickness%5Bcm%5D40_CoreEccentricity%5Bmm%5D4000_CoreOrientationNorthWing_Perspective.png
3,40,20,40,4000,North Wing,21366,72,https://raw.githubusercontent.com/ShaunWuRamboll/261002_DESIGN-EXPLORER-TOKIO-MARINE/main/ColumnDensityOption3_ColumnThickness%5Bcm%5D40_BeamDepth%5Bcm%5D20_FloorplateThickness%5Bcm%5D40_CoreEccentricity%5Bmm%5D4000_CoreOrientationNorthWing_Perspective.png
0,60,20,40,4000,North Wing,24528,34,https://raw.githubusercontent.com/ShaunWuRamboll/261002_DESIGN-EXPLORER-TOKIO-MARINE/main/ColumnDensityOption0_ColumnThickness%5Bcm%5D60_BeamDepth%5Bcm%5D20_FloorplateThickness%5Bcm%5D40_CoreEccentricity%5Bmm%5D4000_CoreOrientationNorthWing_Perspective.png
1,60,20,40,4000,North Wing,24016,29,https://raw.githubusercontent.com/ShaunWuRamboll/261002_DESIGN-EXPLORER-TOKIO-MARINE/main/ColumnDensityOption1_ColumnThickness%5Bcm%5D60_BeamDepth%5Bcm%5D20_FloorplateThickness%5Bcm%5D40_CoreEccentricity%5Bmm%5D4000_CoreOrientationNorthWing_Perspective.png
2,60,20,40,4000,North Wing,22998,25,https://raw.githubusercontent.com/ShaunWuRamboll/261002_DESIGN-EXPLORER-TOKIO-MARINE/main/ColumnDensityOption2_ColumnThickness%5Bcm%5D60_BeamDepth%5Bcm%5D20_FloorplateThickness%5Bcm%5D40_CoreEccentricity%5Bmm%5D4000_CoreOrientationNorthWing_Perspective.png
3,60,20,40,4000,North Wing,22566,23,https://raw.githubusercontent.com/ShaunWuRamboll/261002_DESIGN-EXPLORER-TOKIO-MARINE/main/ColumnDensityOption3_ColumnThickness%5Bcm%5D60_BeamDepth%5Bcm%5D20_FloorplateThickness%5Bcm%5D40_CoreEccentricity%5Bmm%5D4000_CoreOrientationNorthWing_Perspective.png
0,80,20,40,4000,North Wing,27018,18,https://raw.githubusercontent.com/ShaunWuRamboll/261002_DESIGN-EXPLORER-TOKIO-MARINE/main/ColumnDensityOption0_ColumnThickness%5Bcm%5D80_BeamDepth%5Bcm%5D20_FloorplateThickness%5Bcm%5D40_CoreEccentricity%5Bmm%5D4000_CoreOrientationNorthWing_Perspective.png
1,80,20,40,4000,North Wing,26237,16,https://raw.githubusercontent.com/ShaunWuRamboll/261002_DESIGN-EXPLORER-TOKIO-MARINE/main/ColumnDensityOption1_ColumnThickness%5Bcm%5D80_BeamDepth%5Bcm%5D20_FloorplateThickness%5Bcm%5D40_CoreEccentricity%5Bmm%5D4000_CoreOrientationNorthWing_Perspective.png
2,80,20,40,4000,North Wing,24948,15,https://raw.githubusercontent.com/ShaunWuRamboll/261002_DESIGN-EXPLORER-TOKIO-MARINE/main/ColumnDensityOption2_ColumnThickness%5Bcm%5D80_BeamDepth%5Bcm%5D20_FloorplateThickness%5Bcm%5D40_CoreEccentricity%5Bmm%5D4000_CoreOrientationNorthWing_Perspective.png
3,80,20,40,4000,North Wing,24246,14,https://raw.githubusercontent.com/ShaunWuRamboll/261002_DESIGN-EXPLORER-TOKIO-MARINE/main/ColumnDensityOption3_ColumnThickness%5Bcm%5D80_BeamDepth%5Bcm%5D20_FloorplateThickness%5Bcm%5D40_CoreEccentricity%5Bmm%5D4000_CoreOrientationNorthWing_Perspective.png
0,40,40,40,4000,North Wing,23156,107,https://raw.githubusercontent.com/ShaunWuRamboll/261002_DESIGN-EXPLORER-TOKIO-MARINE/main/ColumnDensityOption0_ColumnThickness%5Bcm%5D40_BeamDepth%5Bcm%5D40_FloorplateThickness%5Bcm%5D40_CoreEccentricity%5Bmm%5D4000_CoreOrientationNorthWing_Perspective.png
1,40,40,40,4000,North Wing,22797,94,https://raw.githubusercontent.com/ShaunWuRamboll/261002_DESIGN-EXPLORER-TOKIO-MARINE/main/ColumnDensityOption1_ColumnThickness%5Bcm%5D40_BeamDepth%5Bcm%5D40_FloorplateThickness%5Bcm%5D40_CoreEccentricity%5Bmm%5D4000_CoreOrientationNorthWing_Perspective.png
2,40,40,40,4000,North Wing,21931,79,https://raw.githubusercontent.com/ShaunWuRamboll/261002_DESIGN-EXPLORER-TOKIO-MARINE/main/ColumnDensityOption2_ColumnThickness%5Bcm%5D40_BeamDepth%5Bcm%5D40_FloorplateThickness%5Bcm%5D40_CoreEccentricity%5Bmm%5D4000_CoreOrientationNorthWing_Perspective.png
3,40,40,40,4000,North Wing,21651,73,https://raw.githubusercontent.com/ShaunWuRamboll/261002_DESIGN-EXPLORER-TOKIO-MARINE/main/ColumnDensityOption3_ColumnThickness%5Bcm%5D40_BeamDepth%5Bcm%5D40_FloorplateThickness%5Bcm%5D40_CoreEccentricity%5Bmm%5D4000_CoreOrientationNorthWing_Perspective.png
0,60,40,40,4000,North Wing,24934,35,https://raw.githubusercontent.com/ShaunWuRamboll/261002_DESIGN-EXPLORER-TOKIO-MARINE/main/ColumnDensityOption0_ColumnThickness%5Bcm%5D60_BeamDepth%5Bcm%5D40_FloorplateThickness%5Bcm%5D40_CoreEccentricity%5Bmm%5D4000_CoreOrientationNorthWing_Perspective.png
1,60,40,40,4000,North Wing,24383,30,https://raw.githubusercontent.com/ShaunWuRamboll/261002_DESIGN-EXPLORER-TOKIO-MARINE/main/ColumnDensityOption1_ColumnThickness%5Bcm%5D60_BeamDepth%5Bcm%5D40_FloorplateThickness%5Bcm%5D40_CoreEccentricity%5Bmm%5D4000_CoreOrientationNorthWing_Perspective.png
2,60,40,40,4000,North Wing,23324,25,https://raw.githubusercontent.com/ShaunWuRamboll/261002_DESIGN-EXPLORER-TOKIO-MARINE/main/ColumnDensityOption2_ColumnThickness%5Bcm%5D60_BeamDepth%5Bcm%5D40_FloorplateThickness%5Bcm%5D40_CoreEccentricity%5Bmm%5D4000_CoreOrientationNorthWing_Perspective.png
3,60,40,40,4000,North Wing,22852,23,https://raw.githubusercontent.com/ShaunWuRamboll/261002_DESIGN-EXPLORER-TOKIO-MARINE/main/ColumnDensityOption3_ColumnThickness%5Bcm%5D60_BeamDepth%5Bcm%5D40_FloorplateThickness%5Bcm%5D40_CoreEccentricity%5Bmm%5D4000_CoreOrientationNorthWing_Perspective.png
0,80,40,40,4000,North Wing,27424,17,https://raw.githubusercontent.com/ShaunWuRamboll/261002_DESIGN-EXPLORER-TOKIO-MARINE/main/ColumnDensityOption0_ColumnThickness%5Bcm%5D80_BeamDepth%5Bcm%5D40_FloorplateThickness%5Bcm%5D40_CoreEccentricity%5Bmm%5D4000_CoreOrientationNorthWing_Perspective.png
1,80,40,40,4000,North Wing,26603,16,https://raw.githubusercontent.com/ShaunWuRamboll/261002_DESIGN-EXPLORER-TOKIO-MARINE/main/ColumnDensityOption1_ColumnThickness%5Bcm%5D80_BeamDepth%5Bcm%5D40_FloorplateThickness%5Bcm%5D40_CoreEccentricity%5Bmm%5D4000_CoreOrientationNorthWing_Perspective.png
2,80,40,40,4000,North Wing,25274,14,https://raw.githubusercontent.com/ShaunWuRamboll/261002_DESIGN-EXPLORER-TOKIO-MARINE/main/ColumnDensityOption2_ColumnThickness%5Bcm%5D80_BeamDepth%5Bcm%5D40_FloorplateThickness%5Bcm%5D40_CoreEccentricity%5Bmm%5D4000_CoreOrientationNorthWing_Perspective.png
3,80,40,40,4000,North Wing,24532,14,https://raw.githubusercontent.com/ShaunWuRamboll/261002_DESIGN-EXPLORER-TOKIO-MARINE/main/ColumnDensityOption3_ColumnThickness%5Bcm%5D80_BeamDepth%5Bcm%5D40_FloorplateThickness%5Bcm%5D40_CoreEccentricity%5Bmm%5D4000_CoreOrientationNorthWing_Perspective.png
0,40,60,40,4000,North Wing,23562,107,https://raw.githubusercontent.com/ShaunWuRamboll/261002_DESIGN-EXPLORER-TOKIO-MARINE/main/ColumnDensityOption0_ColumnThickness%5Bcm%5D40_BeamDepth%5Bcm%5D60_FloorplateThickness%5Bcm%5D40_CoreEccentricity%5Bmm%5D4000_CoreOrientationNorthWing_Perspective.png
1,40,60,40,4000,North Wing,23163,95,https://raw.githubusercontent.com/ShaunWuRamboll/261002_DESIGN-EXPLORER-TOKIO-MARINE/main/ColumnDensityOption1_ColumnThickness%5Bcm%5D40_BeamDepth%5Bcm%5D60_FloorplateThickness%5Bcm%5D40_CoreEccentricity%5Bmm%5D4000_CoreOrientationNorthWing_Perspective.png
2,40,60,40,4000,North Wing,22256,80,https://raw.githubusercontent.com/ShaunWuRamboll/261002_DESIGN-EXPLORER-TOKIO-MARINE/main/ColumnDensityOption2_ColumnThickness%5Bcm%5D40_BeamDepth%5Bcm%5D60_FloorplateThickness%5Bcm%5D40_CoreEccentricity%5Bmm%5D4000_CoreOrientationNorthWing_Perspective.png
3,40,60,40,4000,North Wing,21937,73,https://raw.githubusercontent.com/ShaunWuRamboll/261002_DESIGN-EXPLORER-TOKIO-MARINE/main/ColumnDensityOption3_ColumnThickness%5Bcm%5D40_BeamDepth%5Bcm%5D60_FloorplateThickness%5Bcm%5D40_CoreEccentricity%5Bmm%5D4000_CoreOrientationNorthWing_Perspective.png
0,60,60,40,4000,North Wing,25340,35,https://raw.githubusercontent.com/ShaunWuRamboll/261002_DESIGN-EXPLORER-TOKIO-MARINE/main/ColumnDensityOption0_ColumnThickness%5Bcm%5D60_BeamDepth%5Bcm%5D60_FloorplateThickness%5Bcm%5D40_CoreEccentricity%5Bmm%5D4000_CoreOrientationNorthWing_Perspective.png
1,60,60,40,4000,North Wing,24749,31,https://raw.githubusercontent.com/ShaunWuRamboll/261002_DESIGN-EXPLORER-TOKIO-MARINE/main/ColumnDensityOption1_ColumnThickness%5Bcm%5D60_BeamDepth%5Bcm%5D60_FloorplateThickness%5Bcm%5D40_CoreEccentricity%5Bmm%5D4000_CoreOrientationNorthWing_Perspective.png
2,60,60,40,4000,North Wing,23649,25,https://raw.githubusercontent.com/ShaunWuRamboll/261002_DESIGN-EXPLORER-TOKIO-MARINE/main/ColumnDensityOption2_ColumnThickness%5Bcm%5D60_BeamDepth%5Bcm%5D60_FloorplateThickness%5Bcm%5D40_CoreEccentricity%5Bmm%5D4000_CoreOrientationNorthWing_Perspective.png
3,60,60,40,4000,North Wing,23137,23,https://raw.githubusercontent.com/ShaunWuRamboll/261002_DESIGN-EXPLORER-TOKIO-MARINE/main/ColumnDensityOption3_ColumnThickness%5Bcm%5D60_BeamDepth%5Bcm%5D60_FloorplateThickness%5Bcm%5D40_CoreEccentricity%5Bmm%5D4000_CoreOrientationNorthWing_Perspective.png
0,80,60,40,4000,North Wing,27830,17,https://raw.githubusercontent.com/ShaunWuRamboll/261002_DESIGN-EXPLORER-TOKIO-MARINE/main/ColumnDensityOption0_ColumnThickness%5Bcm%5D80_BeamDepth%5Bcm%5D60_FloorplateThickness%5Bcm%5D40_CoreEccentricity%5Bmm%5D4000_CoreOrientationNorthWing_Perspective.png
1,80,60,40,4000,North Wing,26969,16,https://raw.githubusercontent.com/ShaunWuRamboll/261002_DESIGN-EXPLORER-TOKIO-MARINE/main/ColumnDensityOption1_ColumnThickness%5Bcm%5D80_BeamDepth%5Bcm%5D60_FloorplateThickness%5Bcm%5D40_CoreEccentricity%5Bmm%5D4000_CoreOrientationNorthWing_Perspective.png
2,80,60,40,4000,North Wing,25599,14,https://raw.githubusercontent.com/ShaunWuRamboll/261002_DESIGN-EXPLORER-TOKIO-MARINE/main/ColumnDensityOption2_ColumnThickness%5Bcm%5D80_BeamDepth%5Bcm%5D60_FloorplateThickness%5Bcm%5D40_CoreEccentricity%5Bmm%5D4000_CoreOrientationNorthWing_Perspective.png
3,80,60,40,4000,North Wing,24818,13,https://raw.githubusercontent.com/ShaunWuRamboll/261002_DESIGN-EXPLORER-TOKIO-MARINE/main/ColumnDensityOption3_ColumnThickness%5Bcm%5D80_BeamDepth%5Bcm%5D60_FloorplateThickness%5Bcm%5D40_CoreEccentricity%5Bmm%5D4000_CoreOrientationNorthWing_Perspective.png
0,40,80,40,4000,North Wing,23968,108,https://raw.githubusercontent.com/ShaunWuRamboll/261002_DESIGN-EXPLORER-TOKIO-MARINE/main/ColumnDensityOption0_ColumnThickness%5Bcm%5D40_BeamDepth%5Bcm%5D80_FloorplateThickness%5Bcm%5D40_CoreEccentricity%5Bmm%5D4000_CoreOrientationNorthWing_Perspective.png
1,40,80,40,4000,North Wing,23530,96,https://raw.githubusercontent.com/ShaunWuRamboll/261002_DESIGN-EXPLORER-TOKIO-MARINE/main/ColumnDensityOption1_ColumnThickness%5Bcm%5D40_BeamDepth%5Bcm%5D80_FloorplateThickness%5Bcm%5D40_CoreEccentricity%5Bmm%5D4000_CoreOrientationNorthWing_Perspective.png
2,40,80,40,4000,North Wing,22581,80,https://raw.githubusercontent.com/ShaunWuRamboll/261002_DESIGN-EXPLORER-TOKIO-MARINE/main/ColumnDensityOption2_ColumnThickness%5Bcm%5D40_BeamDepth%5Bcm%5D80_FloorplateThickness%5Bcm%5D40_CoreEccentricity%5Bmm%5D4000_CoreOrientationNorthWing_Perspective.png
3,40,80,40,4000,North Wing,22223,73,https://raw.githubusercontent.com/ShaunWuRamboll/261002_DESIGN-EXPLORER-TOKIO-MARINE/main/ColumnDensityOption3_ColumnThickness%5Bcm%5D40_BeamDepth%5Bcm%5D80_FloorplateThickness%5Bcm%5D40_CoreEccentricity%5Bmm%5D4000_CoreOrientationNorthWing_Perspective.png
0,60,80,40,4000,North Wing,25746,35,https://raw.githubusercontent.com/ShaunWuRamboll/261002_DESIGN-EXPLORER-TOKIO-MARINE/main/ColumnDensityOption0_ColumnThickness%5Bcm%5D60_BeamDepth%5Bcm%5D80_FloorplateThickness%5Bcm%5D40_CoreEccentricity%5Bmm%5D4000_CoreOrientationNorthWing_Perspective.png
1,60,80,40,4000,North Wing,25116,31,https://raw.githubusercontent.com/ShaunWuRamboll/261002_DESIGN-EXPLORER-TOKIO-MARINE/main/ColumnDensityOption1_ColumnThickness%5Bcm%5D60_BeamDepth%5Bcm%5D80_FloorplateThickness%5Bcm%5D40_CoreEccentricity%5Bmm%5D4000_CoreOrientationNorthWing_Perspective.png
2,60,80,40,4000,North Wing,23974,26,https://raw.githubusercontent.com/ShaunWuRamboll/261002_DESIGN-EXPLORER-TOKIO-MARINE/main/ColumnDensityOption2_ColumnThickness%5Bcm%5D60_BeamDepth%5Bcm%5D80_FloorplateThickness%5Bcm%5D40_CoreEccentricity%5Bmm%5D4000_CoreOrientationNorthWing_Perspective.png
3,60,80,40,4000,North Wing,23423,23,https://raw.githubusercontent.com/ShaunWuRamboll/261002_DESIGN-EXPLORER-TOKIO-MARINE/main/ColumnDensityOption3_ColumnThickness%5Bcm%5D60_BeamDepth%5Bcm%5D80_FloorplateThickness%5Bcm%5D40_CoreEccentricity%5Bmm%5D4000_CoreOrientationNorthWing_Perspective.png
0,80,80,40,4000,North Wing,28236,17,https://raw.githubusercontent.com/ShaunWuRamboll/261002_DESIGN-EXPLORER-TOKIO-MARINE/main/ColumnDensityOption0_ColumnThickness%5Bcm%5D80_BeamDepth%5Bcm%5D80_FloorplateThickness%5Bcm%5D40_CoreEccentricity%5Bmm%5D4000_CoreOrientationNorthWing_Perspective.png
1,80,80,40,4000,North Wing,27336,15,https://raw.githubusercontent.com/ShaunWuRamboll/261002_DESIGN-EXPLORER-TOKIO-MARINE/main/ColumnDensityOption1_ColumnThickness%5Bcm%5D80_BeamDepth%5Bcm%5D80_FloorplateThickness%5Bcm%5D40_CoreEccentricity%5Bmm%5D4000_CoreOrientationNorthWing_Perspective.png
2,80,80,40,4000,North Wing,25924,13,https://raw.githubusercontent.com/ShaunWuRamboll/261002_DESIGN-EXPLORER-TOKIO-MARINE/main/ColumnDensityOption2_ColumnThickness%5Bcm%5D80_BeamDepth%5Bcm%5D80_FloorplateThickness%5Bcm%5D40_CoreEccentricity%5Bmm%5D4000_CoreOrientationNorthWing_Perspective.png
3,80,80,40,4000,North Wing,25103,12,https://raw.githubusercontent.com/ShaunWuRamboll/261002_DESIGN-EXPLORER-TOKIO-MARINE/main/ColumnDensityOption3_ColumnThickness%5Bcm%5D80_BeamDepth%5Bcm%5D80_FloorplateThickness%5Bcm%5D40_CoreEccentricity%5Bmm%5D4000_CoreOrientationNorthWing_Perspective.png
0,40,20,20,2000,South Wing,13858,72,https://raw.githubusercontent.com/ShaunWuRamboll/261002_DESIGN-EXPLORER-TOKIO-MARINE/main/ColumnDensityOption0_ColumnThickness%5Bcm%5D40_BeamDepth%5Bcm%5D20_FloorplateThickness%5Bcm%5D20_CoreEccentricity%5Bmm%5D2000_CoreOrientationSouthWing_Perspective.png
1,40,20,20,2000,South Wing,13566,67,https://raw.githubusercontent.com/ShaunWuRamboll/261002_DESIGN-EXPLORER-TOKIO-MARINE/main/ColumnDensityOption1_ColumnThickness%5Bcm%5D40_BeamDepth%5Bcm%5D20_FloorplateThickness%5Bcm%5D20_CoreEccentricity%5Bmm%5D2000_CoreOrientationSouthWing_Perspective.png
2,40,20,20,2000,South Wing,13018,62,https://raw.githubusercontent.com/ShaunWuRamboll/261002_DESIGN-EXPLORER-TOKIO-MARINE/main/ColumnDensityOption2_ColumnThickness%5Bcm%5D40_BeamDepth%5Bcm%5D20_FloorplateThickness%5Bcm%5D20_CoreEccentricity%5Bmm%5D2000_CoreOrientationSouthWing_Perspective.png
3,40,20,20,2000,South Wing,12765,63,https://raw.githubusercontent.com/ShaunWuRamboll/261002_DESIGN-EXPLORER-TOKIO-MARINE/main/ColumnDensityOption3_ColumnThickness%5Bcm%5D40_BeamDepth%5Bcm%5D20_FloorplateThickness%5Bcm%5D20_CoreEccentricity%5Bmm%5D2000_CoreOrientationSouthWing_Perspective.png
0,60,20,20,2000,South Wing,15637,44,https://raw.githubusercontent.com/ShaunWuRamboll/261002_DESIGN-EXPLORER-TOKIO-MARINE/main/ColumnDensityOption0_ColumnThickness%5Bcm%5D60_BeamDepth%5Bcm%5D20_FloorplateThickness%5Bcm%5D20_CoreEccentricity%5Bmm%5D2000_CoreOrientationSouthWing_Perspective.png
1,60,20,20,2000,South Wing,15151,48,https://raw.githubusercontent.com/ShaunWuRamboll/261002_DESIGN-EXPLORER-TOKIO-MARINE/main/ColumnDensityOption1_ColumnThickness%5Bcm%5D60_BeamDepth%5Bcm%5D20_FloorplateThickness%5Bcm%5D20_CoreEccentricity%5Bmm%5D2000_CoreOrientationSouthWing_Perspective.png
2,60,20,20,2000,South Wing,14411,47,https://raw.githubusercontent.com/ShaunWuRamboll/261002_DESIGN-EXPLORER-TOKIO-MARINE/main/ColumnDensityOption2_ColumnThickness%5Bcm%5D60_BeamDepth%5Bcm%5D20_FloorplateThickness%5Bcm%5D20_CoreEccentricity%5Bmm%5D2000_CoreOrientationSouthWing_Perspective.png
3,60,20,20,2000,South Wing,13965,49,https://raw.githubusercontent.com/ShaunWuRamboll/261002_DESIGN-EXPLORER-TOKIO-MARINE/main/ColumnDensityOption3_ColumnThickness%5Bcm%5D60_BeamDepth%5Bcm%5D20_FloorplateThickness%5Bcm%5D20_CoreEccentricity%5Bmm%5D2000_CoreOrientationSouthWing_Perspective.png
0,80,20,20,2000,South Wing,18126,39,https://raw.githubusercontent.com/ShaunWuRamboll/261002_DESIGN-EXPLORER-TOKIO-MARINE/main/ColumnDensityOption0_ColumnThickness%5Bcm%5D80_BeamDepth%5Bcm%5D20_FloorplateThickness%5Bcm%5D20_CoreEccentricity%5Bmm%5D2000_CoreOrientationSouthWing_Perspective.png
1,80,20,20,2000,South Wing,17372,44,https://raw.githubusercontent.com/ShaunWuRamboll/261002_DESIGN-EXPLORER-TOKIO-MARINE/main/ColumnDensityOption1_ColumnThickness%5Bcm%5D80_BeamDepth%5Bcm%5D20_FloorplateThickness%5Bcm%5D20_CoreEccentricity%5Bmm%5D2000_CoreOrientationSouthWing_Perspective.png
2,80,20,20,2000,South Wing,16361,43,https://raw.githubusercontent.com/ShaunWuRamboll/261002_DESIGN-EXPLORER-TOKIO-MARINE/main/ColumnDensityOption2_ColumnThickness%5Bcm%5D80_BeamDepth%5Bcm%5D20_FloorplateThickness%5Bcm%5D20_CoreEccentricity%5Bmm%5D2000_CoreOrientationSouthWing_Perspective.png
3,80,20,20,2000,South Wing,15646,46,https://raw.githubusercontent.com/ShaunWuRamboll/261002_DESIGN-EXPLORER-TOKIO-MARINE/main/ColumnDensityOption3_ColumnThickness%5Bcm%5D80_BeamDepth%5Bcm%5D20_FloorplateThickness%5Bcm%5D20_CoreEccentricity%5Bmm%5D2000_CoreOrientationSouthWing_Perspective.png
0,40,40,20,2000,South Wing,14264,62,https://raw.githubusercontent.com/ShaunWuRamboll/261002_DESIGN-EXPLORER-TOKIO-MARINE/main/ColumnDensityOption0_ColumnThickness%5Bcm%5D40_BeamDepth%5Bcm%5D40_FloorplateThickness%5Bcm%5D20_CoreEccentricity%5Bmm%5D2000_CoreOrientationSouthWing_Perspective.png
1,40,40,20,2000,South Wing,13932,54,https://raw.githubusercontent.com/ShaunWuRamboll/261002_DESIGN-EXPLORER-TOKIO-MARINE/main/ColumnDensityOption1_ColumnThickness%5Bcm%5D40_BeamDepth%5Bcm%5D40_FloorplateThickness%5Bcm%5D20_CoreEccentricity%5Bmm%5D2000_CoreOrientationSouthWing_Perspective.png
2,40,40,20,2000,South Wing,13343,47,https://raw.githubusercontent.com/ShaunWuRamboll/261002_DESIGN-EXPLORER-TOKIO-MARINE/main/ColumnDensityOption2_ColumnThickness%5Bcm%5D40_BeamDepth%5Bcm%5D40_FloorplateThickness%5Bcm%5D20_CoreEccentricity%5Bmm%5D2000_CoreOrientationSouthWing_Perspective.png
3,40,40,20,2000,South Wing,13051,48,https://raw.githubusercontent.com/ShaunWuRamboll/261002_DESIGN-EXPLORER-TOKIO-MARINE/main/ColumnDensityOption3_ColumnThickness%5Bcm%5D40_BeamDepth%5Bcm%5D40_FloorplateThickness%5Bcm%5D20_CoreEccentricity%5Bmm%5D2000_CoreOrientationSouthWing_Perspective.png
0,60,40,20,2000,South Wing,16043,32,https://raw.githubusercontent.com/ShaunWuRamboll/261002_DESIGN-EXPLORER-TOKIO-MARINE/main/ColumnDensityOption0_ColumnThickness%5Bcm%5D60_BeamDepth%5Bcm%5D40_FloorplateThickness%5Bcm%5D20_CoreEccentricity%5Bmm%5D2000_CoreOrientationSouthWing_Perspective.png
1,60,40,20,2000,South Wing,15518,33,https://raw.githubusercontent.com/ShaunWuRamboll/261002_DESIGN-EXPLORER-TOKIO-MARINE/main/ColumnDensityOption1_ColumnThickness%5Bcm%5D60_BeamDepth%5Bcm%5D40_FloorplateThickness%5Bcm%5D20_CoreEccentricity%5Bmm%5D2000_CoreOrientationSouthWing_Perspective.png
2,60,40,20,2000,South Wing,14736,31,https://raw.githubusercontent.com/ShaunWuRamboll/261002_DESIGN-EXPLORER-TOKIO-MARINE/main/ColumnDensityOption2_ColumnThickness%5Bcm%5D60_BeamDepth%5Bcm%5D40_FloorplateThickness%5Bcm%5D20_CoreEccentricity%5Bmm%5D2000_CoreOrientationSouthWing_Perspective.png
3,60,40,20,2000,South Wing,14251,34,https://raw.githubusercontent.com/ShaunWuRamboll/261002_DESIGN-EXPLORER-TOKIO-MARINE/main/ColumnDensityOption3_ColumnThickness%5Bcm%5D60_BeamDepth%5Bcm%5D40_FloorplateThickness%5Bcm%5D20_CoreEccentricity%5Bmm%5D2000_CoreOrientationSouthWing_Perspective.png
0,80,40,20,2000,South Wing,18532,26,https://raw.githubusercontent.com/ShaunWuRamboll/261002_DESIGN-EXPLORER-TOKIO-MARINE/main/ColumnDensityOption0_ColumnThickness%5Bcm%5D80_BeamDepth%5Bcm%5D40_FloorplateThickness%5Bcm%5D20_CoreEccentricity%5Bmm%5D2000_CoreOrientationSouthWing_Perspective.png
1,80,40,20,2000,South Wing,17738,29,https://raw.githubusercontent.com/ShaunWuRamboll/261002_DESIGN-EXPLORER-TOKIO-MARINE/main/ColumnDensityOption1_ColumnThickness%5Bcm%5D80_BeamDepth%5Bcm%5D40_FloorplateThickness%5Bcm%5D20_CoreEccentricity%5Bmm%5D2000_CoreOrientationSouthWing_Perspective.png
2,80,40,20,2000,South Wing,16686,28,https://raw.githubusercontent.com/ShaunWuRamboll/261002_DESIGN-EXPLORER-TOKIO-MARINE/main/ColumnDensityOption2_ColumnThickness%5Bcm%5D80_BeamDepth%5Bcm%5D40_FloorplateThickness%5Bcm%5D20_CoreEccentricity%5Bmm%5D2000_CoreOrientationSouthWing_Perspective.png
3,80,40,20,2000,South Wing,15931,32,https://raw.githubusercontent.com/ShaunWuRamboll/261002_DESIGN-EXPLORER-TOKIO-MARINE/main/ColumnDensityOption3_ColumnThickness%5Bcm%5D80_BeamDepth%5Bcm%5D40_FloorplateThickness%5Bcm%5D20_CoreEccentricity%5Bmm%5D2000_CoreOrientationSouthWing_Perspective.png
0,40,60,20,2000,South Wing,14670,59,https://raw.githubusercontent.com/ShaunWuRamboll/261002_DESIGN-EXPLORER-TOKIO-MARINE/main/ColumnDensityOption0_ColumnThickness%5Bcm%5D40_BeamDepth%5Bcm%5D60_FloorplateThickness%5Bcm%5D20_CoreEccentricity%5Bmm%5D2000_CoreOrientationSouthWing_Perspective.png
1,40,60,20,2000,South Wing,14298,50,https://raw.githubusercontent.com/ShaunWuRamboll/261002_DESIGN-EXPLORER-TOKIO-MARINE/main/ColumnDensityOption1_ColumnThickness%5Bcm%5D40_BeamDepth%5Bcm%5D60_FloorplateThickness%5Bcm%5D20_CoreEccentricity%5Bmm%5D2000_CoreOrientationSouthWing_Perspective.png
2,40,60,20,2000,South Wing,13668,38,https://raw.githubusercontent.com/ShaunWuRamboll/261002_DESIGN-EXPLORER-TOKIO-MARINE/main/ColumnDensityOption2_ColumnThickness%5Bcm%5D40_BeamDepth%5Bcm%5D60_FloorplateThickness%5Bcm%5D20_CoreEccentricity%5Bmm%5D2000_CoreOrientationSouthWing_Perspective.png
3,40,60,20,2000,South Wing,13337,37,https://raw.githubusercontent.com/ShaunWuRamboll/261002_DESIGN-EXPLORER-TOKIO-MARINE/main/ColumnDensityOption3_ColumnThickness%5Bcm%5D40_BeamDepth%5Bcm%5D60_FloorplateThickness%5Bcm%5D20_CoreEccentricity%5Bmm%5D2000_CoreOrientationSouthWing_Perspective.png
0,60,60,20,2000,South Wing,16449,24,https://raw.githubusercontent.com/ShaunWuRamboll/261002_DESIGN-EXPLORER-TOKIO-MARINE/main/ColumnDensityOption0_ColumnThickness%5Bcm%5D60_BeamDepth%5Bcm%5D60_FloorplateThickness%5Bcm%5D20_CoreEccentricity%5Bmm%5D2000_CoreOrientationSouthWing_Perspective.png
1,60,60,20,2000,South Wing,15884,24,https://raw.githubusercontent.com/ShaunWuRamboll/261002_DESIGN-EXPLORER-TOKIO-MARINE/main/ColumnDensityOption1_ColumnThickness%5Bcm%5D60_BeamDepth%5Bcm%5D60_FloorplateThickness%5Bcm%5D20_CoreEccentricity%5Bmm%5D2000_CoreOrientationSouthWing_Perspective.png
2,60,60,20,2000,South Wing,15061,21,https://raw.githubusercontent.com/ShaunWuRamboll/261002_DESIGN-EXPLORER-TOKIO-MARINE/main/ColumnDensityOption2_ColumnThickness%5Bcm%5D60_BeamDepth%5Bcm%5D60_FloorplateThickness%5Bcm%5D20_CoreEccentricity%5Bmm%5D2000_CoreOrientationSouthWing_Perspective.png
3,60,60,20,2000,South Wing,14537,24,https://raw.githubusercontent.com/ShaunWuRamboll/261002_DESIGN-EXPLORER-TOKIO-MARINE/main/ColumnDensityOption3_ColumnThickness%5Bcm%5D60_BeamDepth%5Bcm%5D60_FloorplateThickness%5Bcm%5D20_CoreEccentricity%5Bmm%5D2000_CoreOrientationSouthWing_Perspective.png
0,80,60,20,2000,South Wing,18938,18,https://raw.githubusercontent.com/ShaunWuRamboll/261002_DESIGN-EXPLORER-TOKIO-MARINE/main/ColumnDensityOption0_ColumnThickness%5Bcm%5D80_BeamDepth%5Bcm%5D60_FloorplateThickness%5Bcm%5D20_CoreEccentricity%5Bmm%5D2000_CoreOrientationSouthWing_Perspective.png
1,80,60,20,2000,South Wing,18105,19,https://raw.githubusercontent.com/ShaunWuRamboll/261002_DESIGN-EXPLORER-TOKIO-MARINE/main/ColumnDensityOption1_ColumnThickness%5Bcm%5D80_BeamDepth%5Bcm%5D60_FloorplateThickness%5Bcm%5D20_CoreEccentricity%5Bmm%5D2000_CoreOrientationSouthWing_Perspective.png
2,80,60,20,2000,South Wing,17011,18,https://raw.githubusercontent.com/ShaunWuRamboll/261002_DESIGN-EXPLORER-TOKIO-MARINE/main/ColumnDensityOption2_ColumnThickness%5Bcm%5D80_BeamDepth%5Bcm%5D60_FloorplateThickness%5Bcm%5D20_CoreEccentricity%5Bmm%5D2000_CoreOrientationSouthWing_Perspective.png
3,80,60,20,2000,South Wing,16217,21,https://raw.githubusercontent.com/ShaunWuRamboll/261002_DESIGN-EXPLORER-TOKIO-MARINE/main/ColumnDensityOption3_ColumnThickness%5Bcm%5D80_BeamDepth%5Bcm%5D60_FloorplateThickness%5Bcm%5D20_CoreEccentricity%5Bmm%5D2000_CoreOrientationSouthWing_Perspective.png
0,40,80,20,2000,South Wing,15076,56,https://raw.githubusercontent.com/ShaunWuRamboll/261002_DESIGN-EXPLORER-TOKIO-MARINE/main/ColumnDensityOption0_ColumnThickness%5Bcm%5D40_BeamDepth%5Bcm%5D80_FloorplateThickness%5Bcm%5D20_CoreEccentricity%5Bmm%5D2000_CoreOrientationSouthWing_Perspective.png
1,40,80,20,2000,South Wing,14665,48,https://raw.githubusercontent.com/ShaunWuRamboll/261002_DESIGN-EXPLORER-TOKIO-MARINE/main/ColumnDensityOption1_ColumnThickness%5Bcm%5D40_BeamDepth%5Bcm%5D80_FloorplateThickness%5Bcm%5D20_CoreEccentricity%5Bmm%5D2000_CoreOrientationSouthWing_Perspective.png
2,40,80,20,2000,South Wing,13994,36,https://raw.githubusercontent.com/ShaunWuRamboll/261002_DESIGN-EXPLORER-TOKIO-MARINE/main/ColumnDensityOption2_ColumnThickness%5Bcm%5D40_BeamDepth%5Bcm%5D80_FloorplateThickness%5Bcm%5D20_CoreEccentricity%5Bmm%5D2000_CoreOrientationSouthWing_Perspective.png
3,40,80,20,2000,South Wing,13622,31,https://raw.githubusercontent.com/ShaunWuRamboll/261002_DESIGN-EXPLORER-TOKIO-MARINE/main/ColumnDensityOption3_ColumnThickness%5Bcm%5D40_BeamDepth%5Bcm%5D80_FloorplateThickness%5Bcm%5D20_CoreEccentricity%5Bmm%5D2000_CoreOrientationSouthWing_Perspective.png
0,60,80,20,2000,South Wing,16855,20,https://raw.githubusercontent.com/ShaunWuRamboll/261002_DESIGN-EXPLORER-TOKIO-MARINE/main/ColumnDensityOption0_ColumnThickness%5Bcm%5D60_BeamDepth%5Bcm%5D80_FloorplateThickness%5Bcm%5D20_CoreEccentricity%5Bmm%5D2000_CoreOrientationSouthWing_Perspective.png
1,60,80,20,2000,South Wing,16251,19,https://raw.githubusercontent.com/ShaunWuRamboll/261002_DESIGN-EXPLORER-TOKIO-MARINE/main/ColumnDensityOption1_ColumnThickness%5Bcm%5D60_BeamDepth%5Bcm%5D80_FloorplateThickness%5Bcm%5D20_CoreEccentricity%5Bmm%5D2000_CoreOrientationSouthWing_Perspective.png
2,60,80,20,2000,South Wing,15386,16,https://raw.githubusercontent.com/ShaunWuRamboll/261002_DESIGN-EXPLORER-TOKIO-MARINE/main/ColumnDensityOption2_ColumnThickness%5Bcm%5D60_BeamDepth%5Bcm%5D80_FloorplateThickness%5Bcm%5D20_CoreEccentricity%5Bmm%5D2000_CoreOrientationSouthWing_Perspective.png
3,60,80,20,2000,South Wing,14823,17,https://raw.githubusercontent.com/ShaunWuRamboll/261002_DESIGN-EXPLORER-TOKIO-MARINE/main/ColumnDensityOption3_ColumnThickness%5Bcm%5D60_BeamDepth%5Bcm%5D80_FloorplateThickness%5Bcm%5D20_CoreEccentricity%5Bmm%5D2000_CoreOrientationSouthWing_Perspective.png
0,80,80,20,2000,South Wing,19344,13,https://raw.githubusercontent.com/ShaunWuRamboll/261002_DESIGN-EXPLORER-TOKIO-MARINE/main/ColumnDensityOption0_ColumnThickness%5Bcm%5D80_BeamDepth%5Bcm%5D80_FloorplateThickness%5Bcm%5D20_CoreEccentricity%5Bmm%5D2000_CoreOrientationSouthWing_Perspective.png
1,80,80,20,2000,South Wing,18471,14,https://raw.githubusercontent.com/ShaunWuRamboll/261002_DESIGN-EXPLORER-TOKIO-MARINE/main/ColumnDensityOption1_ColumnThickness%5Bcm%5D80_BeamDepth%5Bcm%5D80_FloorplateThickness%5Bcm%5D20_CoreEccentricity%5Bmm%5D2000_CoreOrientationSouthWing_Perspective.png
2,80,80,20,2000,South Wing,17336,12,https://raw.githubusercontent.com/ShaunWuRamboll/261002_DESIGN-EXPLORER-TOKIO-MARINE/main/ColumnDensityOption2_ColumnThickness%5Bcm%5D80_BeamDepth%5Bcm%5D80_FloorplateThickness%5Bcm%5D20_CoreEccentricity%5Bmm%5D2000_CoreOrientationSouthWing_Perspective.png
3,80,80,20,2000,South Wing,16503,14,https://raw.githubusercontent.com/ShaunWuRamboll/261002_DESIGN-EXPLORER-TOKIO-MARINE/main/ColumnDensityOption3_ColumnThickness%5Bcm%5D80_BeamDepth%5Bcm%5D80_FloorplateThickness%5Bcm%5D20_CoreEccentricity%5Bmm%5D2000_CoreOrientationSouthWing_Perspective.png
0,40,20,40,2000,South Wing,22743,87,https://raw.githubusercontent.com/ShaunWuRamboll/261002_DESIGN-EXPLORER-TOKIO-MARINE/main/ColumnDensityOption0_ColumnThickness%5Bcm%5D40_BeamDepth%5Bcm%5D20_FloorplateThickness%5Bcm%5D40_CoreEccentricity%5Bmm%5D2000_CoreOrientationSouthWing_Perspective.png
1,40,20,40,2000,South Wing,22424,75,https://raw.githubusercontent.com/ShaunWuRamboll/261002_DESIGN-EXPLORER-TOKIO-MARINE/main/ColumnDensityOption1_ColumnThickness%5Bcm%5D40_BeamDepth%5Bcm%5D20_FloorplateThickness%5Bcm%5D40_CoreEccentricity%5Bmm%5D2000_CoreOrientationSouthWing_Perspective.png
2,40,20,40,2000,South Wing,21599,61,https://raw.githubusercontent.com/ShaunWuRamboll/261002_DESIGN-EXPLORER-TOKIO-MARINE/main/ColumnDensityOption2_ColumnThickness%5Bcm%5D40_BeamDepth%5Bcm%5D20_FloorplateThickness%5Bcm%5D40_CoreEccentricity%5Bmm%5D2000_CoreOrientationSouthWing_Perspective.png
3,40,20,40,2000,South Wing,21359,55,https://raw.githubusercontent.com/ShaunWuRamboll/261002_DESIGN-EXPLORER-TOKIO-MARINE/main/ColumnDensityOption3_ColumnThickness%5Bcm%5D40_BeamDepth%5Bcm%5D20_FloorplateThickness%5Bcm%5D40_CoreEccentricity%5Bmm%5D2000_CoreOrientationSouthWing_Perspective.png
0,60,20,40,2000,South Wing,24521,30,https://raw.githubusercontent.com/ShaunWuRamboll/261002_DESIGN-EXPLORER-TOKIO-MARINE/main/ColumnDensityOption0_ColumnThickness%5Bcm%5D60_BeamDepth%5Bcm%5D20_FloorplateThickness%5Bcm%5D40_CoreEccentricity%5Bmm%5D2000_CoreOrientationSouthWing_Perspective.png
1,60,20,40,2000,South Wing,24010,26,https://raw.githubusercontent.com/ShaunWuRamboll/261002_DESIGN-EXPLORER-TOKIO-MARINE/main/ColumnDensityOption1_ColumnThickness%5Bcm%5D60_BeamDepth%5Bcm%5D20_FloorplateThickness%5Bcm%5D40_CoreEccentricity%5Bmm%5D2000_CoreOrientationSouthWing_Perspective.png
2,60,20,40,2000,South Wing,22992,22,https://raw.githubusercontent.com/ShaunWuRamboll/261002_DESIGN-EXPLORER-TOKIO-MARINE/main/ColumnDensityOption2_ColumnThickness%5Bcm%5D60_BeamDepth%5Bcm%5D20_FloorplateThickness%5Bcm%5D40_CoreEccentricity%5Bmm%5D2000_CoreOrientationSouthWing_Perspective.png
3,60,20,40,2000,South Wing,22559,21,https://raw.githubusercontent.com/ShaunWuRamboll/261002_DESIGN-EXPLORER-TOKIO-MARINE/main/ColumnDensityOption3_ColumnThickness%5Bcm%5D60_BeamDepth%5Bcm%5D20_FloorplateThickness%5Bcm%5D40_CoreEccentricity%5Bmm%5D2000_CoreOrientationSouthWing_Perspective.png
0,80,20,40,2000,South Wing,27011,17,https://raw.githubusercontent.com/ShaunWuRamboll/261002_DESIGN-EXPLORER-TOKIO-MARINE/main/ColumnDensityOption0_ColumnThickness%5Bcm%5D80_BeamDepth%5Bcm%5D20_FloorplateThickness%5Bcm%5D40_CoreEccentricity%5Bmm%5D2000_CoreOrientationSouthWing_Perspective.png
1,80,20,40,2000,South Wing,26230,16,https://raw.githubusercontent.com/ShaunWuRamboll/261002_DESIGN-EXPLORER-TOKIO-MARINE/main/ColumnDensityOption1_ColumnThickness%5Bcm%5D80_BeamDepth%5Bcm%5D20_FloorplateThickness%5Bcm%5D40_CoreEccentricity%5Bmm%5D2000_CoreOrientationSouthWing_Perspective.png
2,80,20,40,2000,South Wing,24942,15,https://raw.githubusercontent.com/ShaunWuRamboll/261002_DESIGN-EXPLORER-TOKIO-MARINE/main/ColumnDensityOption2_ColumnThickness%5Bcm%5D80_BeamDepth%5Bcm%5D20_FloorplateThickness%5Bcm%5D40_CoreEccentricity%5Bmm%5D2000_CoreOrientationSouthWing_Perspective.png
3,80,20,40,2000,South Wing,24239,14,https://raw.githubusercontent.com/ShaunWuRamboll/261002_DESIGN-EXPLORER-TOKIO-MARINE/main/ColumnDensityOption3_ColumnThickness%5Bcm%5D80_BeamDepth%5Bcm%5D20_FloorplateThickness%5Bcm%5D40_CoreEccentricity%5Bmm%5D2000_CoreOrientationSouthWing_Perspective.png
0,40,40,40,2000,South Wing,23149,88,https://raw.githubusercontent.com/ShaunWuRamboll/261002_DESIGN-EXPLORER-TOKIO-MARINE/main/ColumnDensityOption0_ColumnThickness%5Bcm%5D40_BeamDepth%5Bcm%5D40_FloorplateThickness%5Bcm%5D40_CoreEccentricity%5Bmm%5D2000_CoreOrientationSouthWing_Perspective.png
1,40,40,40,2000,South Wing,22790,75,https://raw.githubusercontent.com/ShaunWuRamboll/261002_DESIGN-EXPLORER-TOKIO-MARINE/main/ColumnDensityOption1_ColumnThickness%5Bcm%5D40_BeamDepth%5Bcm%5D40_FloorplateThickness%5Bcm%5D40_CoreEccentricity%5Bmm%5D2000_CoreOrientationSouthWing_Perspective.png
2,40,40,40,2000,South Wing,21924,61,https://raw.githubusercontent.com/ShaunWuRamboll/261002_DESIGN-EXPLORER-TOKIO-MARINE/main/ColumnDensityOption2_ColumnThickness%5Bcm%5D40_BeamDepth%5Bcm%5D40_FloorplateThickness%5Bcm%5D40_CoreEccentricity%5Bmm%5D2000_CoreOrientationSouthWing_Perspective.png
3,40,40,40,2000,South Wing,21645,55,https://raw.githubusercontent.com/ShaunWuRamboll/261002_DESIGN-EXPLORER-TOKIO-MARINE/main/ColumnDensityOption3_ColumnThickness%5Bcm%5D40_BeamDepth%5Bcm%5D40_FloorplateThickness%5Bcm%5D40_CoreEccentricity%5Bmm%5D2000_CoreOrientationSouthWing_Perspective.png
0,60,40,40,2000,South Wing,24927,30,https://raw.githubusercontent.com/ShaunWuRamboll/261002_DESIGN-EXPLORER-TOKIO-MARINE/main/ColumnDensityOption0_ColumnThickness%5Bcm%5D60_BeamDepth%5Bcm%5D40_FloorplateThickness%5Bcm%5D40_CoreEccentricity%5Bmm%5D2000_CoreOrientationSouthWing_Perspective.png
1,60,40,40,2000,South Wing,24376,26,https://raw.githubusercontent.com/ShaunWuRamboll/261002_DESIGN-EXPLORER-TOKIO-MARINE/main/ColumnDensityOption1_ColumnThickness%5Bcm%5D60_BeamDepth%5Bcm%5D40_FloorplateThickness%5Bcm%5D40_CoreEccentricity%5Bmm%5D2000_CoreOrientationSouthWing_Perspective.png
2,60,40,40,2000,South Wing,23317,22,https://raw.githubusercontent.com/ShaunWuRamboll/261002_DESIGN-EXPLORER-TOKIO-MARINE/main/ColumnDensityOption2_ColumnThickness%5Bcm%5D60_BeamDepth%5Bcm%5D40_FloorplateThickness%5Bcm%5D40_CoreEccentricity%5Bmm%5D2000_CoreOrientationSouthWing_Perspective.png
3,60,40,40,2000,South Wing,22845,20,https://raw.githubusercontent.com/ShaunWuRamboll/261002_DESIGN-EXPLORER-TOKIO-MARINE/main/ColumnDensityOption3_ColumnThickness%5Bcm%5D60_BeamDepth%5Bcm%5D40_FloorplateThickness%5Bcm%5D40_CoreEccentricity%5Bmm%5D2000_CoreOrientationSouthWing_Perspective.png
0,80,40,40,2000,South Wing,27417,17,https://raw.githubusercontent.com/ShaunWuRamboll/261002_DESIGN-EXPLORER-TOKIO-MARINE/main/ColumnDensityOption0_ColumnThickness%5Bcm%5D80_BeamDepth%5Bcm%5D40_FloorplateThickness%5Bcm%5D40_CoreEccentricity%5Bmm%5D2000_CoreOrientationSouthWing_Perspective.png
1,80,40,40,2000,South Wing,26596,16,https://raw.githubusercontent.com/ShaunWuRamboll/261002_DESIGN-EXPLORER-TOKIO-MARINE/main/ColumnDensityOption1_ColumnThickness%5Bcm%5D80_BeamDepth%5Bcm%5D40_FloorplateThickness%5Bcm%5D40_CoreEccentricity%5Bmm%5D2000_CoreOrientationSouthWing_Perspective.png
2,80,40,40,2000,South Wing,25267,14,https://raw.githubusercontent.com/ShaunWuRamboll/261002_DESIGN-EXPLORER-TOKIO-MARINE/main/ColumnDensityOption2_ColumnThickness%5Bcm%5D80_BeamDepth%5Bcm%5D40_FloorplateThickness%5Bcm%5D40_CoreEccentricity%5Bmm%5D2000_CoreOrientationSouthWing_Perspective.png
3,80,40,40,2000,South Wing,24525,14,https://raw.githubusercontent.com/ShaunWuRamboll/261002_DESIGN-EXPLORER-TOKIO-MARINE/main/ColumnDensityOption3_ColumnThickness%5Bcm%5D80_BeamDepth%5Bcm%5D40_FloorplateThickness%5Bcm%5D40_CoreEccentricity%5Bmm%5D2000_CoreOrientationSouthWing_Perspective.png
0,40,60,40,2000,South Wing,23555,87,https://raw.githubusercontent.com/ShaunWuRamboll/261002_DESIGN-EXPLORER-TOKIO-MARINE/main/ColumnDensityOption0_ColumnThickness%5Bcm%5D40_BeamDepth%5Bcm%5D60_FloorplateThickness%5Bcm%5D40_CoreEccentricity%5Bmm%5D2000_CoreOrientationSouthWing_Perspective.png
1,40,60,40,2000,South Wing,23157,75,https://raw.githubusercontent.com/ShaunWuRamboll/261002_DESIGN-EXPLORER-TOKIO-MARINE/main/ColumnDensityOption1_ColumnThickness%5Bcm%5D40_BeamDepth%5Bcm%5D60_FloorplateThickness%5Bcm%5D40_CoreEccentricity%5Bmm%5D2000_CoreOrientationSouthWing_Perspective.png
2,40,60,40,2000,South Wing,22249,61,https://raw.githubusercontent.com/ShaunWuRamboll/261002_DESIGN-EXPLORER-TOKIO-MARINE/main/ColumnDensityOption2_ColumnThickness%5Bcm%5D40_BeamDepth%5Bcm%5D60_FloorplateThickness%5Bcm%5D40_CoreEccentricity%5Bmm%5D2000_CoreOrientationSouthWing_Perspective.png
3,40,60,40,2000,South Wing,21930,54,https://raw.githubusercontent.com/ShaunWuRamboll/261002_DESIGN-EXPLORER-TOKIO-MARINE/main/ColumnDensityOption3_ColumnThickness%5Bcm%5D40_BeamDepth%5Bcm%5D60_FloorplateThickness%5Bcm%5D40_CoreEccentricity%5Bmm%5D2000_CoreOrientationSouthWing_Perspective.png
0,60,60,40,2000,South Wing,25333,30,https://raw.githubusercontent.com/ShaunWuRamboll/261002_DESIGN-EXPLORER-TOKIO-MARINE/main/ColumnDensityOption0_ColumnThickness%5Bcm%5D60_BeamDepth%5Bcm%5D60_FloorplateThickness%5Bcm%5D40_CoreEccentricity%5Bmm%5D2000_CoreOrientationSouthWing_Perspective.png
1,60,60,40,2000,South Wing,24742,26,https://raw.githubusercontent.com/ShaunWuRamboll/261002_DESIGN-EXPLORER-TOKIO-MARINE/main/ColumnDensityOption1_ColumnThickness%5Bcm%5D60_BeamDepth%5Bcm%5D60_FloorplateThickness%5Bcm%5D40_CoreEccentricity%5Bmm%5D2000_CoreOrientationSouthWing_Perspective.png
2,60,60,40,2000,South Wing,23642,21,https://raw.githubusercontent.com/ShaunWuRamboll/261002_DESIGN-EXPLORER-TOKIO-MARINE/main/ColumnDensityOption2_ColumnThickness%5Bcm%5D60_BeamDepth%5Bcm%5D60_FloorplateThickness%5Bcm%5D40_CoreEccentricity%5Bmm%5D2000_CoreOrientationSouthWing_Perspective.png
3,60,60,40,2000,South Wing,23131,19,https://raw.githubusercontent.com/ShaunWuRamboll/261002_DESIGN-EXPLORER-TOKIO-MARINE/main/ColumnDensityOption3_ColumnThickness%5Bcm%5D60_BeamDepth%5Bcm%5D60_FloorplateThickness%5Bcm%5D40_CoreEccentricity%5Bmm%5D2000_CoreOrientationSouthWing_Perspective.png
0,80,60,40,2000,South Wing,27823,16,https://raw.githubusercontent.com/ShaunWuRamboll/261002_DESIGN-EXPLORER-TOKIO-MARINE/main/ColumnDensityOption0_ColumnThickness%5Bcm%5D80_BeamDepth%5Bcm%5D60_FloorplateThickness%5Bcm%5D40_CoreEccentricity%5Bmm%5D2000_CoreOrientationSouthWing_Perspective.png
1,80,60,40,2000,South Wing,26963,15,https://raw.githubusercontent.com/ShaunWuRamboll/261002_DESIGN-EXPLORER-TOKIO-MARINE/main/ColumnDensityOption1_ColumnThickness%5Bcm%5D80_BeamDepth%5Bcm%5D60_FloorplateThickness%5Bcm%5D40_CoreEccentricity%5Bmm%5D2000_CoreOrientationSouthWing_Perspective.png
2,80,60,40,2000,South Wing,25592,13,https://raw.githubusercontent.com/ShaunWuRamboll/261002_DESIGN-EXPLORER-TOKIO-MARINE/main/ColumnDensityOption2_ColumnThickness%5Bcm%5D80_BeamDepth%5Bcm%5D60_FloorplateThickness%5Bcm%5D40_CoreEccentricity%5Bmm%5D2000_CoreOrientationSouthWing_Perspective.png
3,80,60,40,2000,South Wing,24811,13,https://raw.githubusercontent.com/ShaunWuRamboll/261002_DESIGN-EXPLORER-TOKIO-MARINE/main/ColumnDensityOption3_ColumnThickness%5Bcm%5D80_BeamDepth%5Bcm%5D60_FloorplateThickness%5Bcm%5D40_CoreEccentricity%5Bmm%5D2000_CoreOrientationSouthWing_Perspective.png
0,40,80,40,2000,South Wing,23961,87,https://raw.githubusercontent.com/ShaunWuRamboll/261002_DESIGN-EXPLORER-TOKIO-MARINE/main/ColumnDensityOption0_ColumnThickness%5Bcm%5D40_BeamDepth%5Bcm%5D80_FloorplateThickness%5Bcm%5D40_CoreEccentricity%5Bmm%5D2000_CoreOrientationSouthWing_Perspective.png
1,40,80,40,2000,South Wing,23523,75,https://raw.githubusercontent.com/ShaunWuRamboll/261002_DESIGN-EXPLORER-TOKIO-MARINE/main/ColumnDensityOption1_ColumnThickness%5Bcm%5D40_BeamDepth%5Bcm%5D80_FloorplateThickness%5Bcm%5D40_CoreEccentricity%5Bmm%5D2000_CoreOrientationSouthWing_Perspective.png
2,40,80,40,2000,South Wing,22575,60,https://raw.githubusercontent.com/ShaunWuRamboll/261002_DESIGN-EXPLORER-TOKIO-MARINE/main/ColumnDensityOption2_ColumnThickness%5Bcm%5D40_BeamDepth%5Bcm%5D80_FloorplateThickness%5Bcm%5D40_CoreEccentricity%5Bmm%5D2000_CoreOrientationSouthWing_Perspective.png
3,40,80,40,2000,South Wing,22216,53,https://raw.githubusercontent.com/ShaunWuRamboll/261002_DESIGN-EXPLORER-TOKIO-MARINE/main/ColumnDensityOption3_ColumnThickness%5Bcm%5D40_BeamDepth%5Bcm%5D80_FloorplateThickness%5Bcm%5D40_CoreEccentricity%5Bmm%5D2000_CoreOrientationSouthWing_Perspective.png
0,60,80,40,2000,South Wing,25739,30,https://raw.githubusercontent.com/ShaunWuRamboll/261002_DESIGN-EXPLORER-TOKIO-MARINE/main/ColumnDensityOption0_ColumnThickness%5Bcm%5D60_BeamDepth%5Bcm%5D80_FloorplateThickness%5Bcm%5D40_CoreEccentricity%5Bmm%5D2000_CoreOrientationSouthWing_Perspective.png
1,60,80,40,2000,South Wing,25109,26,https://raw.githubusercontent.com/ShaunWuRamboll/261002_DESIGN-EXPLORER-TOKIO-MARINE/main/ColumnDensityOption1_ColumnThickness%5Bcm%5D60_BeamDepth%5Bcm%5D80_FloorplateThickness%5Bcm%5D40_CoreEccentricity%5Bmm%5D2000_CoreOrientationSouthWing_Perspective.png
2,60,80,40,2000,South Wing,23967,20,https://raw.githubusercontent.com/ShaunWuRamboll/261002_DESIGN-EXPLORER-TOKIO-MARINE/main/ColumnDensityOption2_ColumnThickness%5Bcm%5D60_BeamDepth%5Bcm%5D80_FloorplateThickness%5Bcm%5D40_CoreEccentricity%5Bmm%5D2000_CoreOrientationSouthWing_Perspective.png
3,60,80,40,2000,South Wing,23416,18,https://raw.githubusercontent.com/ShaunWuRamboll/261002_DESIGN-EXPLORER-TOKIO-MARINE/main/ColumnDensityOption3_ColumnThickness%5Bcm%5D60_BeamDepth%5Bcm%5D80_FloorplateThickness%5Bcm%5D40_CoreEccentricity%5Bmm%5D2000_CoreOrientationSouthWing_Perspective.png
0,80,80,40,2000,South Wing,28229,15,https://raw.githubusercontent.com/ShaunWuRamboll/261002_DESIGN-EXPLORER-TOKIO-MARINE/main/ColumnDensityOption0_ColumnThickness%5Bcm%5D80_BeamDepth%5Bcm%5D80_FloorplateThickness%5Bcm%5D40_CoreEccentricity%5Bmm%5D2000_CoreOrientationSouthWing_Perspective.png
1,80,80,40,2000,South Wing,27329,14,https://raw.githubusercontent.com/ShaunWuRamboll/261002_DESIGN-EXPLORER-TOKIO-MARINE/main/ColumnDensityOption1_ColumnThickness%5Bcm%5D80_BeamDepth%5Bcm%5D80_FloorplateThickness%5Bcm%5D40_CoreEccentricity%5Bmm%5D2000_CoreOrientationSouthWing_Perspective.png
2,80,80,40,2000,South Wing,25917,12,https://raw.githubusercontent.com/ShaunWuRamboll/261002_DESIGN-EXPLORER-TOKIO-MARINE/main/ColumnDensityOption2_ColumnThickness%5Bcm%5D80_BeamDepth%5Bcm%5D80_FloorplateThickness%5Bcm%5D40_CoreEccentricity%5Bmm%5D2000_CoreOrientationSouthWing_Perspective.png
3,80,80,40,2000,South Wing,25097,12,https://raw.githubusercontent.com/ShaunWuRamboll/261002_DESIGN-EXPLORER-TOKIO-MARINE/main/ColumnDensityOption3_ColumnThickness%5Bcm%5D80_BeamDepth%5Bcm%5D80_FloorplateThickness%5Bcm%5D40_CoreEccentricity%5Bmm%5D2000_CoreOrientationSouthWing_Perspective.png
0,40,20,20,4000,South Wing,13856,56,https://raw.githubusercontent.com/ShaunWuRamboll/261002_DESIGN-EXPLORER-TOKIO-MARINE/main/ColumnDensityOption0_ColumnThickness%5Bcm%5D40_BeamDepth%5Bcm%5D20_FloorplateThickness%5Bcm%5D20_CoreEccentricity%5Bmm%5D4000_CoreOrientationSouthWing_Perspective.png
1,40,20,20,4000,South Wing,13564,52,https://raw.githubusercontent.com/ShaunWuRamboll/261002_DESIGN-EXPLORER-TOKIO-MARINE/main/ColumnDensityOption1_ColumnThickness%5Bcm%5D40_BeamDepth%5Bcm%5D20_FloorplateThickness%5Bcm%5D20_CoreEccentricity%5Bmm%5D4000_CoreOrientationSouthWing_Perspective.png
2,40,20,20,4000,South Wing,13017,52,https://raw.githubusercontent.com/ShaunWuRamboll/261002_DESIGN-EXPLORER-TOKIO-MARINE/main/ColumnDensityOption2_ColumnThickness%5Bcm%5D40_BeamDepth%5Bcm%5D20_FloorplateThickness%5Bcm%5D20_CoreEccentricity%5Bmm%5D4000_CoreOrientationSouthWing_Perspective.png
3,40,20,20,4000,South Wing,12764,55,https://raw.githubusercontent.com/ShaunWuRamboll/261002_DESIGN-EXPLORER-TOKIO-MARINE/main/ColumnDensityOption3_ColumnThickness%5Bcm%5D40_BeamDepth%5Bcm%5D20_FloorplateThickness%5Bcm%5D20_CoreEccentricity%5Bmm%5D4000_CoreOrientationSouthWing_Perspective.png
0,60,20,20,4000,South Wing,15634,41,https://raw.githubusercontent.com/ShaunWuRamboll/261002_DESIGN-EXPLORER-TOKIO-MARINE/main/ColumnDensityOption0_ColumnThickness%5Bcm%5D60_BeamDepth%5Bcm%5D20_FloorplateThickness%5Bcm%5D20_CoreEccentricity%5Bmm%5D4000_CoreOrientationSouthWing_Perspective.png
1,60,20,20,4000,South Wing,15150,43,https://raw.githubusercontent.com/ShaunWuRamboll/261002_DESIGN-EXPLORER-TOKIO-MARINE/main/ColumnDensityOption1_ColumnThickness%5Bcm%5D60_BeamDepth%5Bcm%5D20_FloorplateThickness%5Bcm%5D20_CoreEccentricity%5Bmm%5D4000_CoreOrientationSouthWing_Perspective.png
2,60,20,20,4000,South Wing,14410,43,https://raw.githubusercontent.com/ShaunWuRamboll/261002_DESIGN-EXPLORER-TOKIO-MARINE/main/ColumnDensityOption2_ColumnThickness%5Bcm%5D60_BeamDepth%5Bcm%5D20_FloorplateThickness%5Bcm%5D20_CoreEccentricity%5Bmm%5D4000_CoreOrientationSouthWing_Perspective.png
3,60,20,20,4000,South Wing,13964,48,https://raw.githubusercontent.com/ShaunWuRamboll/261002_DESIGN-EXPLORER-TOKIO-MARINE/main/ColumnDensityOption3_ColumnThickness%5Bcm%5D60_BeamDepth%5Bcm%5D20_FloorplateThickness%5Bcm%5D20_CoreEccentricity%5Bmm%5D4000_CoreOrientationSouthWing_Perspective.png
0,80,20,20,4000,South Wing,18124,38,https://raw.githubusercontent.com/ShaunWuRamboll/261002_DESIGN-EXPLORER-TOKIO-MARINE/main/ColumnDensityOption0_ColumnThickness%5Bcm%5D80_BeamDepth%5Bcm%5D20_FloorplateThickness%5Bcm%5D20_CoreEccentricity%5Bmm%5D4000_CoreOrientationSouthWing_Perspective.png
1,80,20,20,4000,South Wing,17371,42,https://raw.githubusercontent.com/ShaunWuRamboll/261002_DESIGN-EXPLORER-TOKIO-MARINE/main/ColumnDensityOption1_ColumnThickness%5Bcm%5D80_BeamDepth%5Bcm%5D20_FloorplateThickness%5Bcm%5D20_CoreEccentricity%5Bmm%5D4000_CoreOrientationSouthWing_Perspective.png
2,80,20,20,4000,South Wing,16359,41,https://raw.githubusercontent.com/ShaunWuRamboll/261002_DESIGN-EXPLORER-TOKIO-MARINE/main/ColumnDensityOption2_ColumnThickness%5Bcm%5D80_BeamDepth%5Bcm%5D20_FloorplateThickness%5Bcm%5D20_CoreEccentricity%5Bmm%5D4000_CoreOrientationSouthWing_Perspective.png
3,80,20,20,4000,South Wing,15644,48,https://raw.githubusercontent.com/ShaunWuRamboll/261002_DESIGN-EXPLORER-TOKIO-MARINE/main/ColumnDensityOption3_ColumnThickness%5Bcm%5D80_BeamDepth%5Bcm%5D20_FloorplateThickness%5Bcm%5D20_CoreEccentricity%5Bmm%5D4000_CoreOrientationSouthWing_Perspective.png
0,40,40,20,4000,South Wing,14262,46,https://raw.githubusercontent.com/ShaunWuRamboll/261002_DESIGN-EXPLORER-TOKIO-MARINE/main/ColumnDensityOption0_ColumnThickness%5Bcm%5D40_BeamDepth%5Bcm%5D40_FloorplateThickness%5Bcm%5D20_CoreEccentricity%5Bmm%5D4000_CoreOrientationSouthWing_Perspective.png
1,40,40,20,4000,South Wing,13931,40,https://raw.githubusercontent.com/ShaunWuRamboll/261002_DESIGN-EXPLORER-TOKIO-MARINE/main/ColumnDensityOption1_ColumnThickness%5Bcm%5D40_BeamDepth%5Bcm%5D40_FloorplateThickness%5Bcm%5D20_CoreEccentricity%5Bmm%5D4000_CoreOrientationSouthWing_Perspective.png
2,40,40,20,4000,South Wing,13342,38,https://raw.githubusercontent.com/ShaunWuRamboll/261002_DESIGN-EXPLORER-TOKIO-MARINE/main/ColumnDensityOption2_ColumnThickness%5Bcm%5D40_BeamDepth%5Bcm%5D40_FloorplateThickness%5Bcm%5D20_CoreEccentricity%5Bmm%5D4000_CoreOrientationSouthWing_Perspective.png
3,40,40,20,4000,South Wing,13050,42,https://raw.githubusercontent.com/ShaunWuRamboll/261002_DESIGN-EXPLORER-TOKIO-MARINE/main/ColumnDensityOption3_ColumnThickness%5Bcm%5D40_BeamDepth%5Bcm%5D40_FloorplateThickness%5Bcm%5D20_CoreEccentricity%5Bmm%5D4000_CoreOrientationSouthWing_Perspective.png
0,60,40,20,4000,South Wing,16040,28,https://raw.githubusercontent.com/ShaunWuRamboll/261002_DESIGN-EXPLORER-TOKIO-MARINE/main/ColumnDensityOption0_ColumnThickness%5Bcm%5D60_BeamDepth%5Bcm%5D40_FloorplateThickness%5Bcm%5D20_CoreEccentricity%5Bmm%5D4000_CoreOrientationSouthWing_Perspective.png
1,60,40,20,4000,South Wing,15517,29,https://raw.githubusercontent.com/ShaunWuRamboll/261002_DESIGN-EXPLORER-TOKIO-MARINE/main/ColumnDensityOption1_ColumnThickness%5Bcm%5D60_BeamDepth%5Bcm%5D40_FloorplateThickness%5Bcm%5D20_CoreEccentricity%5Bmm%5D4000_CoreOrientationSouthWing_Perspective.png
2,60,40,20,4000,South Wing,14735,29,https://raw.githubusercontent.com/ShaunWuRamboll/261002_DESIGN-EXPLORER-TOKIO-MARINE/main/ColumnDensityOption2_ColumnThickness%5Bcm%5D60_BeamDepth%5Bcm%5D40_FloorplateThickness%5Bcm%5D20_CoreEccentricity%5Bmm%5D4000_CoreOrientationSouthWing_Perspective.png
3,60,40,20,4000,South Wing,14250,33,https://raw.githubusercontent.com/ShaunWuRamboll/261002_DESIGN-EXPLORER-TOKIO-MARINE/main/ColumnDensityOption3_ColumnThickness%5Bcm%5D60_BeamDepth%5Bcm%5D40_FloorplateThickness%5Bcm%5D20_CoreEccentricity%5Bmm%5D4000_CoreOrientationSouthWing_Perspective.png
0,80,40,20,4000,South Wing,18530,25,https://raw.githubusercontent.com/ShaunWuRamboll/261002_DESIGN-EXPLORER-TOKIO-MARINE/main/ColumnDensityOption0_ColumnThickness%5Bcm%5D80_BeamDepth%5Bcm%5D40_FloorplateThickness%5Bcm%5D20_CoreEccentricity%5Bmm%5D4000_CoreOrientationSouthWing_Perspective.png
1,80,40,20,4000,South Wing,17737,27,https://raw.githubusercontent.com/ShaunWuRamboll/261002_DESIGN-EXPLORER-TOKIO-MARINE/main/ColumnDensityOption1_ColumnThickness%5Bcm%5D80_BeamDepth%5Bcm%5D40_FloorplateThickness%5Bcm%5D20_CoreEccentricity%5Bmm%5D4000_CoreOrientationSouthWing_Perspective.png
2,80,40,20,4000,South Wing,16685,27,https://raw.githubusercontent.com/ShaunWuRamboll/261002_DESIGN-EXPLORER-TOKIO-MARINE/main/ColumnDensityOption2_ColumnThickness%5Bcm%5D80_BeamDepth%5Bcm%5D40_FloorplateThickness%5Bcm%5D20_CoreEccentricity%5Bmm%5D4000_CoreOrientationSouthWing_Perspective.png
3,80,40,20,4000,South Wing,15930,32,https://raw.githubusercontent.com/ShaunWuRamboll/261002_DESIGN-EXPLORER-TOKIO-MARINE/main/ColumnDensityOption3_ColumnThickness%5Bcm%5D80_BeamDepth%5Bcm%5D40_FloorplateThickness%5Bcm%5D20_CoreEccentricity%5Bmm%5D4000_CoreOrientationSouthWing_Perspective.png
0,40,60,20,4000,South Wing,14668,44,https://raw.githubusercontent.com/ShaunWuRamboll/261002_DESIGN-EXPLORER-TOKIO-MARINE/main/ColumnDensityOption0_ColumnThickness%5Bcm%5D40_BeamDepth%5Bcm%5D60_FloorplateThickness%5Bcm%5D20_CoreEccentricity%5Bmm%5D4000_CoreOrientationSouthWing_Perspective.png
1,40,60,20,4000,South Wing,14297,34,https://raw.githubusercontent.com/ShaunWuRamboll/261002_DESIGN-EXPLORER-TOKIO-MARINE/main/ColumnDensityOption1_ColumnThickness%5Bcm%5D40_BeamDepth%5Bcm%5D60_FloorplateThickness%5Bcm%5D20_CoreEccentricity%5Bmm%5D4000_CoreOrientationSouthWing_Perspective.png
2,40,60,20,4000,South Wing,13667,29,https://raw.githubusercontent.com/ShaunWuRamboll/261002_DESIGN-EXPLORER-TOKIO-MARINE/main/ColumnDensityOption2_ColumnThickness%5Bcm%5D40_BeamDepth%5Bcm%5D60_FloorplateThickness%5Bcm%5D20_CoreEccentricity%5Bmm%5D4000_CoreOrientationSouthWing_Perspective.png
3,40,60,20,4000,South Wing,13336,31,https://raw.githubusercontent.com/ShaunWuRamboll/261002_DESIGN-EXPLORER-TOKIO-MARINE/main/ColumnDensityOption3_ColumnThickness%5Bcm%5D40_BeamDepth%5Bcm%5D60_FloorplateThickness%5Bcm%5D20_CoreEccentricity%5Bmm%5D4000_CoreOrientationSouthWing_Perspective.png
0,60,60,20,4000,South Wing,16446,20,https://raw.githubusercontent.com/ShaunWuRamboll/261002_DESIGN-EXPLORER-TOKIO-MARINE/main/ColumnDensityOption0_ColumnThickness%5Bcm%5D60_BeamDepth%5Bcm%5D60_FloorplateThickness%5Bcm%5D20_CoreEccentricity%5Bmm%5D4000_CoreOrientationSouthWing_Perspective.png
1,60,60,20,4000,South Wing,15883,20,https://raw.githubusercontent.com/ShaunWuRamboll/261002_DESIGN-EXPLORER-TOKIO-MARINE/main/ColumnDensityOption1_ColumnThickness%5Bcm%5D60_BeamDepth%5Bcm%5D60_FloorplateThickness%5Bcm%5D20_CoreEccentricity%5Bmm%5D4000_CoreOrientationSouthWing_Perspective.png
2,60,60,20,4000,South Wing,15060,19,https://raw.githubusercontent.com/ShaunWuRamboll/261002_DESIGN-EXPLORER-TOKIO-MARINE/main/ColumnDensityOption2_ColumnThickness%5Bcm%5D60_BeamDepth%5Bcm%5D60_FloorplateThickness%5Bcm%5D20_CoreEccentricity%5Bmm%5D4000_CoreOrientationSouthWing_Perspective.png
3,60,60,20,4000,South Wing,14536,23,https://raw.githubusercontent.com/ShaunWuRamboll/261002_DESIGN-EXPLORER-TOKIO-MARINE/main/ColumnDensityOption3_ColumnThickness%5Bcm%5D60_BeamDepth%5Bcm%5D60_FloorplateThickness%5Bcm%5D20_CoreEccentricity%5Bmm%5D4000_CoreOrientationSouthWing_Perspective.png
0,80,60,20,4000,South Wing,18936,16,https://raw.githubusercontent.com/ShaunWuRamboll/261002_DESIGN-EXPLORER-TOKIO-MARINE/main/ColumnDensityOption0_ColumnThickness%5Bcm%5D80_BeamDepth%5Bcm%5D60_FloorplateThickness%5Bcm%5D20_CoreEccentricity%5Bmm%5D4000_CoreOrientationSouthWing_Perspective.png
1,80,60,20,4000,South Wing,18103,17,https://raw.githubusercontent.com/ShaunWuRamboll/261002_DESIGN-EXPLORER-TOKIO-MARINE/main/ColumnDensityOption1_ColumnThickness%5Bcm%5D80_BeamDepth%5Bcm%5D60_FloorplateThickness%5Bcm%5D20_CoreEccentricity%5Bmm%5D4000_CoreOrientationSouthWing_Perspective.png
2,80,60,20,4000,South Wing,17010,17,https://raw.githubusercontent.com/ShaunWuRamboll/261002_DESIGN-EXPLORER-TOKIO-MARINE/main/ColumnDensityOption2_ColumnThickness%5Bcm%5D80_BeamDepth%5Bcm%5D60_FloorplateThickness%5Bcm%5D20_CoreEccentricity%5Bmm%5D4000_CoreOrientationSouthWing_Perspective.png
3,80,60,20,4000,South Wing,16216,21,https://raw.githubusercontent.com/ShaunWuRamboll/261002_DESIGN-EXPLORER-TOKIO-MARINE/main/ColumnDensityOption3_ColumnThickness%5Bcm%5D80_BeamDepth%5Bcm%5D60_FloorplateThickness%5Bcm%5D20_CoreEccentricity%5Bmm%5D4000_CoreOrientationSouthWing_Perspective.png
0,40,80,20,4000,South Wing,15074,43,https://raw.githubusercontent.com/ShaunWuRamboll/261002_DESIGN-EXPLORER-TOKIO-MARINE/main/ColumnDensityOption0_ColumnThickness%5Bcm%5D40_BeamDepth%5Bcm%5D80_FloorplateThickness%5Bcm%5D20_CoreEccentricity%5Bmm%5D4000_CoreOrientationSouthWing_Perspective.png
1,40,80,20,4000,South Wing,14664,34,https://raw.githubusercontent.com/ShaunWuRamboll/261002_DESIGN-EXPLORER-TOKIO-MARINE/main/ColumnDensityOption1_ColumnThickness%5Bcm%5D40_BeamDepth%5Bcm%5D80_FloorplateThickness%5Bcm%5D20_CoreEccentricity%5Bmm%5D4000_CoreOrientationSouthWing_Perspective.png
2,40,80,20,4000,South Wing,13992,25,https://raw.githubusercontent.com/ShaunWuRamboll/261002_DESIGN-EXPLORER-TOKIO-MARINE/main/ColumnDensityOption2_ColumnThickness%5Bcm%5D40_BeamDepth%5Bcm%5D80_FloorplateThickness%5Bcm%5D20_CoreEccentricity%5Bmm%5D4000_CoreOrientationSouthWing_Perspective.png
3,40,80,20,4000,South Wing,13621,25,https://raw.githubusercontent.com/ShaunWuRamboll/261002_DESIGN-EXPLORER-TOKIO-MARINE/main/ColumnDensityOption3_ColumnThickness%5Bcm%5D40_BeamDepth%5Bcm%5D80_FloorplateThickness%5Bcm%5D20_CoreEccentricity%5Bmm%5D4000_CoreOrientationSouthWing_Perspective.png
0,60,80,20,4000,South Wing,16852,16,https://raw.githubusercontent.com/ShaunWuRamboll/261002_DESIGN-EXPLORER-TOKIO-MARINE/main/ColumnDensityOption0_ColumnThickness%5Bcm%5D60_BeamDepth%5Bcm%5D80_FloorplateThickness%5Bcm%5D20_CoreEccentricity%5Bmm%5D4000_CoreOrientationSouthWing_Perspective.png
1,60,80,20,4000,South Wing,16250,15,https://raw.githubusercontent.com/ShaunWuRamboll/261002_DESIGN-EXPLORER-TOKIO-MARINE/main/ColumnDensityOption1_ColumnThickness%5Bcm%5D60_BeamDepth%5Bcm%5D80_FloorplateThickness%5Bcm%5D20_CoreEccentricity%5Bmm%5D4000_CoreOrientationSouthWing_Perspective.png
2,60,80,20,4000,South Wing,15385,14,https://raw.githubusercontent.com/ShaunWuRamboll/261002_DESIGN-EXPLORER-TOKIO-MARINE/main/ColumnDensityOption2_ColumnThickness%5Bcm%5D60_BeamDepth%5Bcm%5D80_FloorplateThickness%5Bcm%5D20_CoreEccentricity%5Bmm%5D4000_CoreOrientationSouthWing_Perspective.png
3,60,80,20,4000,South Wing,14821,16,https://raw.githubusercontent.com/ShaunWuRamboll/261002_DESIGN-EXPLORER-TOKIO-MARINE/main/ColumnDensityOption3_ColumnThickness%5Bcm%5D60_BeamDepth%5Bcm%5D80_FloorplateThickness%5Bcm%5D20_CoreEccentricity%5Bmm%5D4000_CoreOrientationSouthWing_Perspective.png
0,80,80,20,4000,South Wing,19342,12,https://raw.githubusercontent.com/ShaunWuRamboll/261002_DESIGN-EXPLORER-TOKIO-MARINE/main/ColumnDensityOption0_ColumnThickness%5Bcm%5D80_BeamDepth%5Bcm%5D80_FloorplateThickness%5Bcm%5D20_CoreEccentricity%5Bmm%5D4000_CoreOrientationSouthWing_Perspective.png
1,80,80,20,4000,South Wing,18470,12,https://raw.githubusercontent.com/ShaunWuRamboll/261002_DESIGN-EXPLORER-TOKIO-MARINE/main/ColumnDensityOption1_ColumnThickness%5Bcm%5D80_BeamDepth%5Bcm%5D80_FloorplateThickness%5Bcm%5D20_CoreEccentricity%5Bmm%5D4000_CoreOrientationSouthWing_Perspective.png
2,80,80,20,4000,South Wing,17335,12,https://raw.githubusercontent.com/ShaunWuRamboll/261002_DESIGN-EXPLORER-TOKIO-MARINE/main/ColumnDensityOption2_ColumnThickness%5Bcm%5D80_BeamDepth%5Bcm%5D80_FloorplateThickness%5Bcm%5D20_CoreEccentricity%5Bmm%5D4000_CoreOrientationSouthWing_Perspective.png
3,80,80,20,4000,South Wing,16502,14,https://raw.githubusercontent.com/ShaunWuRamboll/261002_DESIGN-EXPLORER-TOKIO-MARINE/main/ColumnDensityOption3_ColumnThickness%5Bcm%5D80_BeamDepth%5Bcm%5D80_FloorplateThickness%5Bcm%5D20_CoreEccentricity%5Bmm%5D4000_CoreOrientationSouthWing_Perspective.png
0,40,20,40,4000,South Wing,22741,75,https://raw.githubusercontent.com/ShaunWuRamboll/261002_DESIGN-EXPLORER-TOKIO-MARINE/main/ColumnDensityOption0_ColumnThickness%5Bcm%5D40_BeamDepth%5Bcm%5D20_FloorplateThickness%5Bcm%5D40_CoreEccentricity%5Bmm%5D4000_CoreOrientationSouthWing_Perspective.png
1,40,20,40,4000,South Wing,22423,62,https://raw.githubusercontent.com/ShaunWuRamboll/261002_DESIGN-EXPLORER-TOKIO-MARINE/main/ColumnDensityOption1_ColumnThickness%5Bcm%5D40_BeamDepth%5Bcm%5D20_FloorplateThickness%5Bcm%5D40_CoreEccentricity%5Bmm%5D4000_CoreOrientationSouthWing_Perspective.png
2,40,20,40,4000,South Wing,21598,49,https://raw.githubusercontent.com/ShaunWuRamboll/261002_DESIGN-EXPLORER-TOKIO-MARINE/main/ColumnDensityOption2_ColumnThickness%5Bcm%5D40_BeamDepth%5Bcm%5D20_FloorplateThickness%5Bcm%5D40_CoreEccentricity%5Bmm%5D4000_CoreOrientationSouthWing_Perspective.png
3,40,20,40,4000,South Wing,21358,42,https://raw.githubusercontent.com/ShaunWuRamboll/261002_DESIGN-EXPLORER-TOKIO-MARINE/main/ColumnDensityOption3_ColumnThickness%5Bcm%5D40_BeamDepth%5Bcm%5D20_FloorplateThickness%5Bcm%5D40_CoreEccentricity%5Bmm%5D4000_CoreOrientationSouthWing_Perspective.png
0,60,20,40,4000,South Wing,24519,26,https://raw.githubusercontent.com/ShaunWuRamboll/261002_DESIGN-EXPLORER-TOKIO-MARINE/main/ColumnDensityOption0_ColumnThickness%5Bcm%5D60_BeamDepth%5Bcm%5D20_FloorplateThickness%5Bcm%5D40_CoreEccentricity%5Bmm%5D4000_CoreOrientationSouthWing_Perspective.png
1,60,20,40,4000,South Wing,24008,21,https://raw.githubusercontent.com/ShaunWuRamboll/261002_DESIGN-EXPLORER-TOKIO-MARINE/main/ColumnDensityOption1_ColumnThickness%5Bcm%5D60_BeamDepth%5Bcm%5D20_FloorplateThickness%5Bcm%5D40_CoreEccentricity%5Bmm%5D4000_CoreOrientationSouthWing_Perspective.png
2,60,20,40,4000,South Wing,22990,19,https://raw.githubusercontent.com/ShaunWuRamboll/261002_DESIGN-EXPLORER-TOKIO-MARINE/main/ColumnDensityOption2_ColumnThickness%5Bcm%5D60_BeamDepth%5Bcm%5D20_FloorplateThickness%5Bcm%5D40_CoreEccentricity%5Bmm%5D4000_CoreOrientationSouthWing_Perspective.png
3,60,20,40,4000,South Wing,22558,18,https://raw.githubusercontent.com/ShaunWuRamboll/261002_DESIGN-EXPLORER-TOKIO-MARINE/main/ColumnDensityOption3_ColumnThickness%5Bcm%5D60_BeamDepth%5Bcm%5D20_FloorplateThickness%5Bcm%5D40_CoreEccentricity%5Bmm%5D4000_CoreOrientationSouthWing_Perspective.png
0,80,20,40,4000,South Wing,27009,15,https://raw.githubusercontent.com/ShaunWuRamboll/261002_DESIGN-EXPLORER-TOKIO-MARINE/main/ColumnDensityOption0_ColumnThickness%5Bcm%5D80_BeamDepth%5Bcm%5D20_FloorplateThickness%5Bcm%5D40_CoreEccentricity%5Bmm%5D4000_CoreOrientationSouthWing_Perspective.png
1,80,20,40,4000,South Wing,26229,14,https://raw.githubusercontent.com/ShaunWuRamboll/261002_DESIGN-EXPLORER-TOKIO-MARINE/main/ColumnDensityOption1_ColumnThickness%5Bcm%5D80_BeamDepth%5Bcm%5D20_FloorplateThickness%5Bcm%5D40_CoreEccentricity%5Bmm%5D4000_CoreOrientationSouthWing_Perspective.png
2,80,20,40,4000,South Wing,24940,13,https://raw.githubusercontent.com/ShaunWuRamboll/261002_DESIGN-EXPLORER-TOKIO-MARINE/main/ColumnDensityOption2_ColumnThickness%5Bcm%5D80_BeamDepth%5Bcm%5D20_FloorplateThickness%5Bcm%5D40_CoreEccentricity%5Bmm%5D4000_CoreOrientationSouthWing_Perspective.png
3,80,20,40,4000,South Wing,24238,14,https://raw.githubusercontent.com/ShaunWuRamboll/261002_DESIGN-EXPLORER-TOKIO-MARINE/main/ColumnDensityOption3_ColumnThickness%5Bcm%5D80_BeamDepth%5Bcm%5D20_FloorplateThickness%5Bcm%5D40_CoreEccentricity%5Bmm%5D4000_CoreOrientationSouthWing_Perspective.png
0,40,40,40,4000,South Wing,23147,76,https://raw.githubusercontent.com/ShaunWuRamboll/261002_DESIGN-EXPLORER-TOKIO-MARINE/main/ColumnDensityOption0_ColumnThickness%5Bcm%5D40_BeamDepth%5Bcm%5D40_FloorplateThickness%5Bcm%5D40_CoreEccentricity%5Bmm%5D4000_CoreOrientationSouthWing_Perspective.png
1,40,40,40,4000,South Wing,22789,63,https://raw.githubusercontent.com/ShaunWuRamboll/261002_DESIGN-EXPLORER-TOKIO-MARINE/main/ColumnDensityOption1_ColumnThickness%5Bcm%5D40_BeamDepth%5Bcm%5D40_FloorplateThickness%5Bcm%5D40_CoreEccentricity%5Bmm%5D4000_CoreOrientationSouthWing_Perspective.png
2,40,40,40,4000,South Wing,21923,49,https://raw.githubusercontent.com/ShaunWuRamboll/261002_DESIGN-EXPLORER-TOKIO-MARINE/main/ColumnDensityOption2_ColumnThickness%5Bcm%5D40_BeamDepth%5Bcm%5D40_FloorplateThickness%5Bcm%5D40_CoreEccentricity%5Bmm%5D4000_CoreOrientationSouthWing_Perspective.png
3,40,40,40,4000,South Wing,21643,41,https://raw.githubusercontent.com/ShaunWuRamboll/261002_DESIGN-EXPLORER-TOKIO-MARINE/main/ColumnDensityOption3_ColumnThickness%5Bcm%5D40_BeamDepth%5Bcm%5D40_FloorplateThickness%5Bcm%5D40_CoreEccentricity%5Bmm%5D4000_CoreOrientationSouthWing_Perspective.png
0,60,40,40,4000,South Wing,24925,26,https://raw.githubusercontent.com/ShaunWuRamboll/261002_DESIGN-EXPLORER-TOKIO-MARINE/main/ColumnDensityOption0_ColumnThickness%5Bcm%5D60_BeamDepth%5Bcm%5D40_FloorplateThickness%5Bcm%5D40_CoreEccentricity%5Bmm%5D4000_CoreOrientationSouthWing_Perspective.png
1,60,40,40,4000,South Wing,24375,21,https://raw.githubusercontent.com/ShaunWuRamboll/261002_DESIGN-EXPLORER-TOKIO-MARINE/main/ColumnDensityOption1_ColumnThickness%5Bcm%5D60_BeamDepth%5Bcm%5D40_FloorplateThickness%5Bcm%5D40_CoreEccentricity%5Bmm%5D4000_CoreOrientationSouthWing_Perspective.png
2,60,40,40,4000,South Wing,23316,18,https://raw.githubusercontent.com/ShaunWuRamboll/261002_DESIGN-EXPLORER-TOKIO-MARINE/main/ColumnDensityOption2_ColumnThickness%5Bcm%5D60_BeamDepth%5Bcm%5D40_FloorplateThickness%5Bcm%5D40_CoreEccentricity%5Bmm%5D4000_CoreOrientationSouthWing_Perspective.png
3,60,40,40,4000,South Wing,22844,17,https://raw.githubusercontent.com/ShaunWuRamboll/261002_DESIGN-EXPLORER-TOKIO-MARINE/main/ColumnDensityOption3_ColumnThickness%5Bcm%5D60_BeamDepth%5Bcm%5D40_FloorplateThickness%5Bcm%5D40_CoreEccentricity%5Bmm%5D4000_CoreOrientationSouthWing_Perspective.png
0,80,40,40,4000,South Wing,27415,15,https://raw.githubusercontent.com/ShaunWuRamboll/261002_DESIGN-EXPLORER-TOKIO-MARINE/main/ColumnDensityOption0_ColumnThickness%5Bcm%5D80_BeamDepth%5Bcm%5D40_FloorplateThickness%5Bcm%5D40_CoreEccentricity%5Bmm%5D4000_CoreOrientationSouthWing_Perspective.png
1,80,40,40,4000,South Wing,26595,14,https://raw.githubusercontent.com/ShaunWuRamboll/261002_DESIGN-EXPLORER-TOKIO-MARINE/main/ColumnDensityOption1_ColumnThickness%5Bcm%5D80_BeamDepth%5Bcm%5D40_FloorplateThickness%5Bcm%5D40_CoreEccentricity%5Bmm%5D4000_CoreOrientationSouthWing_Perspective.png
2,80,40,40,4000,South Wing,25266,13,https://raw.githubusercontent.com/ShaunWuRamboll/261002_DESIGN-EXPLORER-TOKIO-MARINE/main/ColumnDensityOption2_ColumnThickness%5Bcm%5D80_BeamDepth%5Bcm%5D40_FloorplateThickness%5Bcm%5D40_CoreEccentricity%5Bmm%5D4000_CoreOrientationSouthWing_Perspective.png
3,80,40,40,4000,South Wing,24524,13,https://raw.githubusercontent.com/ShaunWuRamboll/261002_DESIGN-EXPLORER-TOKIO-MARINE/main/ColumnDensityOption3_ColumnThickness%5Bcm%5D80_BeamDepth%5Bcm%5D40_FloorplateThickness%5Bcm%5D40_CoreEccentricity%5Bmm%5D4000_CoreOrientationSouthWing_Perspective.png
0,40,60,40,4000,South Wing,23553,76,https://raw.githubusercontent.com/ShaunWuRamboll/261002_DESIGN-EXPLORER-TOKIO-MARINE/main/ColumnDensityOption0_ColumnThickness%5Bcm%5D40_BeamDepth%5Bcm%5D60_FloorplateThickness%5Bcm%5D40_CoreEccentricity%5Bmm%5D4000_CoreOrientationSouthWing_Perspective.png
1,40,60,40,4000,South Wing,23155,63,https://raw.githubusercontent.com/ShaunWuRamboll/261002_DESIGN-EXPLORER-TOKIO-MARINE/main/ColumnDensityOption1_ColumnThickness%5Bcm%5D40_BeamDepth%5Bcm%5D60_FloorplateThickness%5Bcm%5D40_CoreEccentricity%5Bmm%5D4000_CoreOrientationSouthWing_Perspective.png
2,40,60,40,4000,South Wing,22248,49,https://raw.githubusercontent.com/ShaunWuRamboll/261002_DESIGN-EXPLORER-TOKIO-MARINE/main/ColumnDensityOption2_ColumnThickness%5Bcm%5D40_BeamDepth%5Bcm%5D60_FloorplateThickness%5Bcm%5D40_CoreEccentricity%5Bmm%5D4000_CoreOrientationSouthWing_Perspective.png
3,40,60,40,4000,South Wing,21929,41,https://raw.githubusercontent.com/ShaunWuRamboll/261002_DESIGN-EXPLORER-TOKIO-MARINE/main/ColumnDensityOption3_ColumnThickness%5Bcm%5D40_BeamDepth%5Bcm%5D60_FloorplateThickness%5Bcm%5D40_CoreEccentricity%5Bmm%5D4000_CoreOrientationSouthWing_Perspective.png
0,60,60,40,4000,South Wing,25331,26,https://raw.githubusercontent.com/ShaunWuRamboll/261002_DESIGN-EXPLORER-TOKIO-MARINE/main/ColumnDensityOption0_ColumnThickness%5Bcm%5D60_BeamDepth%5Bcm%5D60_FloorplateThickness%5Bcm%5D40_CoreEccentricity%5Bmm%5D4000_CoreOrientationSouthWing_Perspective.png
1,60,60,40,4000,South Wing,24741,22,https://raw.githubusercontent.com/ShaunWuRamboll/261002_DESIGN-EXPLORER-TOKIO-MARINE/main/ColumnDensityOption1_ColumnThickness%5Bcm%5D60_BeamDepth%5Bcm%5D60_FloorplateThickness%5Bcm%5D40_CoreEccentricity%5Bmm%5D4000_CoreOrientationSouthWing_Perspective.png
2,60,60,40,4000,South Wing,23641,17,https://raw.githubusercontent.com/ShaunWuRamboll/261002_DESIGN-EXPLORER-TOKIO-MARINE/main/ColumnDensityOption2_ColumnThickness%5Bcm%5D60_BeamDepth%5Bcm%5D60_FloorplateThickness%5Bcm%5D40_CoreEccentricity%5Bmm%5D4000_CoreOrientationSouthWing_Perspective.png
3,60,60,40,4000,South Wing,23129,16,https://raw.githubusercontent.com/ShaunWuRamboll/261002_DESIGN-EXPLORER-TOKIO-MARINE/main/ColumnDensityOption3_ColumnThickness%5Bcm%5D60_BeamDepth%5Bcm%5D60_FloorplateThickness%5Bcm%5D40_CoreEccentricity%5Bmm%5D4000_CoreOrientationSouthWing_Perspective.png
0,80,60,40,4000,South Wing,27821,14,https://raw.githubusercontent.com/ShaunWuRamboll/261002_DESIGN-EXPLORER-TOKIO-MARINE/main/ColumnDensityOption0_ColumnThickness%5Bcm%5D80_BeamDepth%5Bcm%5D60_FloorplateThickness%5Bcm%5D40_CoreEccentricity%5Bmm%5D4000_CoreOrientationSouthWing_Perspective.png
1,80,60,40,4000,South Wing,26961,13,https://raw.githubusercontent.com/ShaunWuRamboll/261002_DESIGN-EXPLORER-TOKIO-MARINE/main/ColumnDensityOption1_ColumnThickness%5Bcm%5D80_BeamDepth%5Bcm%5D60_FloorplateThickness%5Bcm%5D40_CoreEccentricity%5Bmm%5D4000_CoreOrientationSouthWing_Perspective.png
2,80,60,40,4000,South Wing,25591,12,https://raw.githubusercontent.com/ShaunWuRamboll/261002_DESIGN-EXPLORER-TOKIO-MARINE/main/ColumnDensityOption2_ColumnThickness%5Bcm%5D80_BeamDepth%5Bcm%5D60_FloorplateThickness%5Bcm%5D40_CoreEccentricity%5Bmm%5D4000_CoreOrientationSouthWing_Perspective.png
3,80,60,40,4000,South Wing,24810,12,https://raw.githubusercontent.com/ShaunWuRamboll/261002_DESIGN-EXPLORER-TOKIO-MARINE/main/ColumnDensityOption3_ColumnThickness%5Bcm%5D80_BeamDepth%5Bcm%5D60_FloorplateThickness%5Bcm%5D40_CoreEccentricity%5Bmm%5D4000_CoreOrientationSouthWing_Perspective.png
0,40,80,40,4000,South Wing,23959,76,https://raw.githubusercontent.com/ShaunWuRamboll/261002_DESIGN-EXPLORER-TOKIO-MARINE/main/ColumnDensityOption0_ColumnThickness%5Bcm%5D40_BeamDepth%5Bcm%5D80_FloorplateThickness%5Bcm%5D40_CoreEccentricity%5Bmm%5D4000_CoreOrientationSouthWing_Perspective.png
1,40,80,40,4000,South Wing,23522,63,https://raw.githubusercontent.com/ShaunWuRamboll/261002_DESIGN-EXPLORER-TOKIO-MARINE/main/ColumnDensityOption1_ColumnThickness%5Bcm%5D40_BeamDepth%5Bcm%5D80_FloorplateThickness%5Bcm%5D40_CoreEccentricity%5Bmm%5D4000_CoreOrientationSouthWing_Perspective.png
2,40,80,40,4000,South Wing,22573,49,https://raw.githubusercontent.com/ShaunWuRamboll/261002_DESIGN-EXPLORER-TOKIO-MARINE/main/ColumnDensityOption2_ColumnThickness%5Bcm%5D40_BeamDepth%5Bcm%5D80_FloorplateThickness%5Bcm%5D40_CoreEccentricity%5Bmm%5D4000_CoreOrientationSouthWing_Perspective.png
3,40,80,40,4000,South Wing,22215,40,https://raw.githubusercontent.com/ShaunWuRamboll/261002_DESIGN-EXPLORER-TOKIO-MARINE/main/ColumnDensityOption3_ColumnThickness%5Bcm%5D40_BeamDepth%5Bcm%5D80_FloorplateThickness%5Bcm%5D40_CoreEccentricity%5Bmm%5D4000_CoreOrientationSouthWing_Perspective.png
0,60,80,40,4000,South Wing,25737,26,https://raw.githubusercontent.com/ShaunWuRamboll/261002_DESIGN-EXPLORER-TOKIO-MARINE/main/ColumnDensityOption0_ColumnThickness%5Bcm%5D60_BeamDepth%5Bcm%5D80_FloorplateThickness%5Bcm%5D40_CoreEccentricity%5Bmm%5D4000_CoreOrientationSouthWing_Perspective.png
1,60,80,40,4000,South Wing,25108,22,https://raw.githubusercontent.com/ShaunWuRamboll/261002_DESIGN-EXPLORER-TOKIO-MARINE/main/ColumnDensityOption1_ColumnThickness%5Bcm%5D60_BeamDepth%5Bcm%5D80_FloorplateThickness%5Bcm%5D40_CoreEccentricity%5Bmm%5D4000_CoreOrientationSouthWing_Perspective.png
2,60,80,40,4000,South Wing,23966,16,https://raw.githubusercontent.com/ShaunWuRamboll/261002_DESIGN-EXPLORER-TOKIO-MARINE/main/ColumnDensityOption2_ColumnThickness%5Bcm%5D60_BeamDepth%5Bcm%5D80_FloorplateThickness%5Bcm%5D40_CoreEccentricity%5Bmm%5D4000_CoreOrientationSouthWing_Perspective.png
3,60,80,40,4000,South Wing,23415,15,https://raw.githubusercontent.com/ShaunWuRamboll/261002_DESIGN-EXPLORER-TOKIO-MARINE/main/ColumnDensityOption3_ColumnThickness%5Bcm%5D60_BeamDepth%5Bcm%5D80_FloorplateThickness%5Bcm%5D40_CoreEccentricity%5Bmm%5D4000_CoreOrientationSouthWing_Perspective.png
0,80,80,40,4000,South Wing,28227,13,https://raw.githubusercontent.com/ShaunWuRamboll/261002_DESIGN-EXPLORER-TOKIO-MARINE/main/ColumnDensityOption0_ColumnThickness%5Bcm%5D80_BeamDepth%5Bcm%5D80_FloorplateThickness%5Bcm%5D40_CoreEccentricity%5Bmm%5D4000_CoreOrientationSouthWing_Perspective.png
1,80,80,40,4000,South Wing,27328,12,https://raw.githubusercontent.com/ShaunWuRamboll/261002_DESIGN-EXPLORER-TOKIO-MARINE/main/ColumnDensityOption1_ColumnThickness%5Bcm%5D80_BeamDepth%5Bcm%5D80_FloorplateThickness%5Bcm%5D40_CoreEccentricity%5Bmm%5D4000_CoreOrientationSouthWing_Perspective.png
2,80,80,40,4000,South Wing,25916,11,https://raw.githubusercontent.com/ShaunWuRamboll/261002_DESIGN-EXPLORER-TOKIO-MARINE/main/ColumnDensityOption2_ColumnThickness%5Bcm%5D80_BeamDepth%5Bcm%5D80_FloorplateThickness%5Bcm%5D40_CoreEccentricity%5Bmm%5D4000_CoreOrientationSouthWing_Perspective.png
3,80,80,40,4000,South Wing,25095,11,https://raw.githubusercontent.com/ShaunWuRamboll/261002_DESIGN-EXPLORER-TOKIO-MARINE/main/ColumnDensityOption3_ColumnThickness%5Bcm%5D80_BeamDepth%5Bcm%5D80_FloorplateThickness%5Bcm%5D40_CoreEccentricity%5Bmm%5D4000_CoreOrientationSouthWing_Perspective.png
